,dis,rank
Gnb2l1,11.611439677073264,1
Prkd2,0.00037014969698700995,2
Rps3,0.00019793248895427773,3
H2afy,0.00019381220107117514,4
Actb,0.00018370899164721344,5
Car1,0.0001711991831743198,6
Car2,0.00016854583830805403,7
Mpo,0.00016570747192035107,8
Gpx1,0.00016091097681392164,9
Elane,0.00015420285272904621,10
Ly6e,0.0001487661255086259,11
Kctd14,0.00014412519308182326,12
Snx18,0.00013866419271879593,13
Fam110a,0.00012005342562049215,14
Prtn3,0.0001183252111625066,15
Rpl4,0.00011706243468112554,16
1110059E24Rik,0.00011557258541983195,17
Fbxl20,0.00010377331382827037,18
Lgals1,0.00010158446305696955,19
Gm10653,9.795814299984329e-05,20
Calr,9.740567154259416e-05,21
2010002N04Rik,8.957668043940714e-05,22
Ncl,8.9146126116324e-05,23
Fam132a,8.401037952632251e-05,24
Cst3,8.180406501545612e-05,25
Ccdc163,7.936752938042524e-05,26
Hsp90ab1,7.587626212446352e-05,27
Fth1,7.288411045691667e-05,28
Abhd14b,7.142622925448983e-05,29
Gsn,6.321718340340787e-05,30
Bcl2l1,6.107900207097394e-05,31
Man1a,6.05599361374054e-05,32
Glipr2,5.9557959802614135e-05,33
Ppp1r15a,5.908528469356078e-05,34
Rasa2,5.908206774729585e-05,35
Laptm5,5.625901167460867e-05,36
Rpl32,5.404019233967716e-05,37
Prdx2,5.186379919530637e-05,38
Lphn1,5.085518087399876e-05,39
Ffar2,5.0674945252238146e-05,40
Phldb3,4.901913326160745e-05,41
Mpp4,4.889186400847123e-05,42
Tagln2,4.775686266822454e-05,43
Cfl1,4.751114250467481e-05,44
Lrrc58,4.708991480439906e-05,45
Gm2058,4.70715073714878e-05,46
Psmb8,4.636108613276235e-05,47
Blvrb,4.614526054824708e-05,48
Coro1a,4.607162836189893e-05,49
Irak-M,4.602025221989159e-05,50
Cyth1,4.553828060860354e-05,51
Capn3,4.4508963069400664e-05,52
Slc36a1,4.4137026678381375e-05,53
AK158095,4.280141597634568e-05,54
Acot1,4.25505781260771e-05,55
Kif1b,4.1910485027107924e-05,56
Itgb2,4.163956353275822e-05,57
Il21r,4.0863348476971595e-05,58
Tmem14c,3.9935986728467654e-05,59
Sigirr,3.957501602291913e-05,60
Ctsg,3.955181666270846e-05,61
Cpox,3.8847065468416986e-05,62
Atpif1,3.875215999715742e-05,63
Lrp5,3.839347800682624e-05,64
Gadd45b,3.8099653599799055e-05,65
Tsen34,3.785227557395743e-05,66
Naga,3.778550299537997e-05,67
5730528L13Rik,3.7161102616867225e-05,68
Dnajb2,3.6616661806432305e-05,69
Naip2,3.58076349564751e-05,70
Hspa5,3.5796688952594025e-05,71
Celsr1,3.532067856992782e-05,72
Sec24d,3.505604790587924e-05,73
Vim,3.4284537126394454e-05,74
Mgat5,3.416740706785326e-05,75
1600014C10Rik,3.4101871919434146e-05,76
Zdhhc8,3.286590638218456e-05,77
Tapbpl,3.281727570647597e-05,78
Hmgn2,3.2623258882757966e-05,79
Rpl13,3.2301006626100914e-05,80
BC024571,3.230002212628591e-05,81
Tbc1d22b,3.1698873136365435e-05,82
Arhgap27,3.1682598683246965e-05,83
Serpine2,3.161396340045641e-05,84
Klf1,3.125733776188078e-05,85
Hcst,3.099917842463995e-05,86
Rps3a,3.0607150647066206e-05,87
Ldhb,3.0471153662503525e-05,88
Eef2,3.0164292589729413e-05,89
Sla,2.984992649190943e-05,90
Rps8,2.9781011249729872e-05,91
Ahdc1,2.971726007161557e-05,92
Rps20,2.9707154116431767e-05,93
Dmkn,2.9528480528062673e-05,94
Pld3,2.9289719953862203e-05,95
Ppp1r13b,2.9123210780968023e-05,96
Tuba1b,2.9122867191810897e-05,97
Gnai2,2.9056199263077787e-05,98
Sh3bgrl3,2.8471692381959457e-05,99
Mkl1,2.8203635625168033e-05,100
Ano6,2.7946719838745082e-05,101
Ctsl,2.781744156510335e-05,102
Ubb,2.7415206852454688e-05,103
Ermap,2.716950785441874e-05,104
Ralgps2,2.6897600436059932e-05,105
Sat1,2.6896253532138203e-05,106
Plxdc1,2.6539011811710367e-05,107
Fbxl8,2.6298624852039154e-05,108
Micall2,2.616957400669584e-05,109
Tuba1a,2.614333613526476e-05,110
Casp7,2.5944235056529763e-05,111
Hdgf,2.5887001459556913e-05,112
Tmcc2,2.567885914706025e-05,113
AI848100,2.5538349227360868e-05,114
Gmpr,2.5416137592992882e-05,115
hnRNP A2/B1,2.517396471568567e-05,116
Ctse,2.515821369741822e-05,117
Foxred2,2.512056753567471e-05,118
Ftl1,2.461366536898879e-05,119
Rpl13a,2.416039291985861e-05,120
Zbed3,2.4078331087196148e-05,121
Mpnd,2.40738168615362e-05,122
Calm1,2.3850794185653612e-05,123
Trim26,2.3547594643291703e-05,124
Srgn,2.3482951917008776e-05,125
Cdkn3,2.3462758614201107e-05,126
Cdc25b,2.34620238546146e-05,127
Ddah2,2.33477373621227e-05,128
Rps21,2.2990809995127037e-05,129
Arhgdib,2.2394075985587847e-05,130
Csrp2,2.2329719995717312e-05,131
Pigq,2.2326183338527983e-05,132
Mrps36,2.2305555167134727e-05,133
Zfp783,2.219167057870841e-05,134
Fam109b,2.2084911930564388e-05,135
Nckipsd,2.1763041970324082e-05,136
D230014K01Rik,2.153284411154921e-05,137
Vwa5a,2.1286561736388876e-05,138
Cd68,2.1177863368748717e-05,139
Hsp90b1,2.093776301115291e-05,140
Irf1,2.080259503456361e-05,141
Atp5b,2.0772076411601503e-05,142
Malat1,2.0661993050286043e-05,143
Lfng,2.0535331589632833e-05,144
Vegfa,2.050480777127106e-05,145
Ybx1,2.037985487057803e-05,146
Pank1,2.027108719104831e-05,147
Sesn1,2.0186086599593978e-05,148
Slc2a1,2.013749786211605e-05,149
Parp8,2.007631433009749e-05,150
Afap1l1,1.9870156560575225e-05,151
Fchsd2,1.964660873765567e-05,152
Chd7,1.96446543039297e-05,153
Rplp2,1.9586776725644128e-05,154
Zg16,1.951232013719384e-05,155
Slc6a13,1.9443099939620012e-05,156
AK046417,1.931485955108947e-05,157
Hk2,1.9174479030326097e-05,158
Mt2,1.8907320164407437e-05,159
Mcpt8,1.8905426811599568e-05,160
Arhgdia,1.8901922691050288e-05,161
Irf8,1.88088768873218e-05,162
Ggta1,1.8776968463196653e-05,163
Tbc1d2,1.8695953459602066e-05,164
Isg15,1.8648234719975676e-05,165
Itpr3,1.8587429034822023e-05,166
Hint1,1.858670559240494e-05,167
Gda,1.8576749347909427e-05,168
Tcirg1,1.8543056540698544e-05,169
Satb1,1.8477623954238354e-05,170
Slc4a8,1.8464659401029593e-05,171
Ggh,1.843361842968072e-05,172
Slc30a7,1.8430265514179922e-05,173
Tubb5,1.8375701678507994e-05,174
Pdlim7,1.8239059409896896e-05,175
Cul7,1.791658815131214e-05,176
H1fx,1.791003906692623e-05,177
Wsb1,1.7781079441059333e-05,178
Pkm2,1.7623615276463056e-05,179
BC033430,1.7575083224086185e-05,180
Osbpl1a,1.7429164293814026e-05,181
Tspo,1.7357071197210416e-05,182
Eif4g2,1.721264524645605e-05,183
Igtp,1.7198232339810104e-05,184
Trim47,1.6992324281872584e-05,185
Dmwd,1.6912557258219607e-05,186
Pam,1.6734496312675873e-05,187
Chst12,1.6668901706262673e-05,188
Lxn,1.6583757043386882e-05,189
Ndst2,1.6403885729543433e-05,190
Gmip,1.635995136850532e-05,191
Nmd3,1.634363303226749e-05,192
Samsn1,1.6262879826589582e-05,193
Mllt6,1.6168248057946144e-05,194
Usp40,1.6141938115055154e-05,195
Hif3a,1.6102523638483746e-05,196
Rtp4,1.6071417509477826e-05,197
Sphk1,1.6004323949658783e-05,198
Rhd,1.6001591921499525e-05,199
Jdp2,1.584573563739866e-05,200
Slc35b4,1.581228111624533e-05,201
Kctd1,1.5761114480428162e-05,202
Cmtm3,1.5634606269410156e-05,203
Rnf144a,1.552361206602626e-05,204
Glrx5,1.5471640934627828e-05,205
AI467606,1.5451630550611384e-05,206
Hspa8,1.544367639549904e-05,207
Hba-a2,1.5439121986204896e-05,208
Bat2d,1.5301968148140332e-05,209
Plscr1,1.525690244874589e-05,210
Dusp23,1.522761218519797e-05,211
Per1,1.500617770711088e-05,212
As3mt,1.4962129034401528e-05,213
Fbxo10,1.4913436352959053e-05,214
Foxo1,1.4663759274613497e-05,215
Opa1,1.4594007419210797e-05,216
Sod1,1.456149433831655e-05,217
Ptgr1,1.4558863426383795e-05,218
Rfx2,1.4552708472059805e-05,219
Slc28a2,1.4550746676222914e-05,220
Kcng2,1.444170720366067e-05,221
AK153575,1.4423429728793735e-05,222
Atpase6,1.4312380331782393e-05,223
Snx10,1.4299515178173294e-05,224
Mlec,1.420373825422594e-05,225
Pbx4,1.4157414411686275e-05,226
Cdk4,1.41053409392633e-05,227
F2r,1.4080816436834453e-05,228
Unc119b,1.4075469235486082e-05,229
Frat1,1.4066401749168733e-05,230
Rab11fip1,1.4022323448381613e-05,231
Paqr7,1.4018595146048085e-05,232
Ndrg1,1.3984540251810174e-05,233
Csda,1.37587565784969e-05,234
H2-D1,1.3713805044446303e-05,235
Sec22c,1.3662528902003146e-05,236
Cox6a1,1.3659679828803561e-05,237
Slc26a1,1.3572368666503465e-05,238
Renbp,1.3479448593978205e-05,239
Slc7a4,1.335021509429879e-05,240
Nme2,1.3178336562891246e-05,241
Gpr132,1.305693724407142e-05,242
Mns1,1.298368003999073e-05,243
Cbx4,1.2856653227366621e-05,244
Rbm43,1.2828884719207068e-05,245
Slc25a23,1.2537444378013518e-05,246
Lphn2,1.2502045996454214e-05,247
Ppm1l,1.2492525208296357e-05,248
Zfpm1,1.2349552708679212e-05,249
P4hb,1.2335104781602269e-05,250
PAPK-A,1.232197816847247e-05,251
Csf3r,1.2318926483345649e-05,252
Eif4g1,1.228072373815614e-05,253
Ddx21,1.2203200996596664e-05,254
Ldha,1.2201576481185583e-05,255
Sipa1l1,1.2070557190213549e-05,256
Bahcc1,1.2050853662293193e-05,257
Inf2,1.2032744246992522e-05,258
Tmem180,1.1996888781951043e-05,259
Usp22,1.199630229486992e-05,260
Cox4i1,1.1920059638459435e-05,261
Nfatc1,1.1823147852085825e-05,262
Cebpe,1.1748295235314288e-05,263
App,1.1747980463772123e-05,264
Top2a,1.1733336155561602e-05,265
Pcmtd2,1.1730416954458533e-05,266
Emb,1.1723395576312967e-05,267
Stk38,1.1624190681347457e-05,268
Selplg,1.1585067975383723e-05,269
5033406O09Rik,1.1481142044633685e-05,270
Tcn2,1.1449323970680325e-05,271
Itga2b,1.1434890044625945e-05,272
Zfml,1.1375759358500659e-05,273
Eef1b2,1.131601837767171e-05,274
Sort1,1.1315909949960457e-05,275
Atp6ap2,1.1301946335473545e-05,276
N4bp2l1,1.1298307862395163e-05,277
H2-K1,1.1193526191943803e-05,278
Lrrc24,1.1092430806547426e-05,279
Arap3,1.104417370023647e-05,280
Zdhhc9,1.0982117495839105e-05,281
Tnip1,1.0905362585411638e-05,282
Marcksl1,1.0883056520860634e-05,283
Alad,1.088249749581216e-05,284
Fgfrl1,1.0878823124560455e-05,285
2310005E10Rik,1.0876879044996457e-05,286
Rhbdd2,1.0874236870739296e-05,287
Cd24a,1.0788444636089523e-05,288
Fcgr2b,1.0751523990659706e-05,289
Mtus1,1.0742129546548185e-05,290
Mfap3,1.0650711012027969e-05,291
Dhrs3,1.0626671964608647e-05,292
Ltbr,1.0605692039478143e-05,293
Zfp326,1.0491610995311262e-05,294
Lyst,1.0491150401303884e-05,295
Cttn,1.0450234373626799e-05,296
Csf2ra,1.0438936580259295e-05,297
Gnptab,1.0409099366448515e-05,298
Srgap2,1.039124885338083e-05,299
Chchd2,1.0383638283206764e-05,300
Ucp2,1.027580675150297e-05,301
S1pr4,1.0270390060629353e-05,302
Edem1,1.0193443983341766e-05,303
Mki67,1.0176053398369689e-05,304
Slc25a3,1.0142804052426513e-05,305
Acss2,1.0141066555169331e-05,306
Gstm1,1.008905727051257e-05,307
Arl11,1.0034692246252419e-05,308
Atp5a1,9.98768001103656e-06,309
Mthfd1,9.882568916763645e-06,310
Ica1,9.881057314364838e-06,311
Arl8a,9.836670517460178e-06,312
Ada,9.823982064949277e-06,313
Aldh7a1,9.715428126444436e-06,314
mKIAA1027,9.573012459851427e-06,315
Mt1,9.549283400467345e-06,316
Vav3,9.54091807803259e-06,317
Fam101b,9.523857267268454e-06,318
Smad1,9.517463846808738e-06,319
Klk8,9.498896644366539e-06,320
Atp5g3,9.417519058141366e-06,321
Haao,9.372124315731867e-06,322
9830001H06Rik,9.314204462373965e-06,323
Tpm3,9.21605683301685e-06,324
Eef1g,9.18629545454408e-06,325
Slc39a6,9.155488434053893e-06,326
Abcb10,9.12815847331494e-06,327
Agtrap,9.090022480506832e-06,328
Rac2,9.07726027321587e-06,329
Hmbs,9.027223911051152e-06,330
Ccdc32,9.020998141595626e-06,331
Fam69b,9.02047620066071e-06,332
Arpc2,9.017832967694872e-06,333
Map4,8.972649487626327e-06,334
Apoe,8.96490669477501e-06,335
Sh2b2,8.938374913336489e-06,336
Eif3a,8.938373041722514e-06,337
Nab1,8.926469566628015e-06,338
Mfge8,8.88895157014069e-06,339
Slc25a5,8.845541192847861e-06,340
Epsti1,8.808995316522683e-06,341
Klf9,8.804624027192176e-06,342
Tnrc18,8.741447952376191e-06,343
Ptpn14,8.736170318490721e-06,344
Ly6c2,8.730598438422277e-06,345
Ramp1,8.64697517255486e-06,346
5430435G22Rik,8.617390637732925e-06,347
Tbccd1,8.52503272885663e-06,348
Ypel3,8.509234362907847e-06,349
Asah1,8.494277960346963e-06,350
Flnb,8.448744795330754e-06,351
Mybbp1a,8.415014418838851e-06,352
Myb,8.333274333915952e-06,353
Atp5d,8.326730746688327e-06,354
Tyrobp,8.30455705935762e-06,355
Cldn13,8.298520340010995e-06,356
Eif3c,8.290371710906186e-06,357
Aqp11,8.284276459713524e-06,358
Ngly1,8.271629072797992e-06,359
Ranbp1,8.240974063378204e-06,360
Skiv2l2,8.21276519813452e-06,361
Trip6,8.158027359650433e-06,362
Med20,8.155709290802449e-06,363
Adam15,8.132760278778406e-06,364
Slc35e2,8.039449904240215e-06,365
Nfam1,8.036192447713475e-06,366
Tonsl,7.998593076097293e-06,367
Srrm2,7.970469578122419e-06,368
Rps19,7.896111182015275e-06,369
Fam64a,7.864110194155671e-06,370
Zfp644,7.85719144258401e-06,371
Mmp14,7.856062683275766e-06,372
Gfi1,7.740735856076597e-06,373
E130308A19Rik,7.735426205801588e-06,374
Setd8,7.543416858712959e-06,375
Rpl23,7.541864994520253e-06,376
Zfp608,7.458585588260291e-06,377
Rpl18,7.442845320948521e-06,378
Rcsd1,7.404485334427946e-06,379
Zcchc11,7.367235922206561e-06,380
Irgm1,7.353082550398682e-06,381
Add2,7.350438287812011e-06,382
Ccnd2,7.3439316630175e-06,383
Eif4b,7.319475546996301e-06,384
Prr5,7.316649194955005e-06,385
Taldo1,7.31577367329983e-06,386
Chd4,7.294596380713614e-06,387
Anp32b,7.229019538090853e-06,388
Hemgn,7.205722257097591e-06,389
Slc25a13,7.185418107846786e-06,390
Pa2g4,7.14996129591583e-06,391
Cdkn1a,7.14589076533656e-06,392
Plekho1,7.14321079908764e-06,393
Hspd1,7.138379677140705e-06,394
Srm,7.134744989478747e-06,395
Phb2,7.1055485082460734e-06,396
Sqrdl,7.102370273237568e-06,397
Kiaa0028,7.0536481553418184e-06,398
Aqp1,7.04910278592763e-06,399
Cct6a,7.044620241591915e-06,400
Sypl,7.036200995624853e-06,401
Clybl,6.959505681747302e-06,402
Panx1,6.953966550371504e-06,403
Nucb2,6.941149938821667e-06,404
Fuca2,6.929371510366877e-06,405
Eltd1,6.8899714948944535e-06,406
Unc119,6.876090504759347e-06,407
Gcat,6.872979824601444e-06,408
Nme1,6.84362666314442e-06,409
Il4ra,6.825187897963048e-06,410
Fgd2,6.798963341658748e-06,411
B4galt4,6.793119168735373e-06,412
Cct7,6.71609353086744e-06,413
Cct5,6.6947848138543264e-06,414
Ubac1,6.694100084470023e-06,415
B4galt5,6.672150011155509e-06,416
Isca1,6.672032630605784e-06,417
Ddx58,6.645807660632386e-06,418
Uhrf1bp1l,6.624652959086319e-06,419
Emp3,6.608171173816402e-06,420
Gdf3,6.529097648089177e-06,421
Eif3f,6.521661154446079e-06,422
Srpk2,6.49830366117321e-06,423
Sec61b,6.482161009069287e-06,424
Hk3,6.462370857551747e-06,425
Kcc1,6.444745765943338e-06,426
Gpc1,6.440624503278869e-06,427
Fkbp4,6.4255207290475624e-06,428
Kcnk12,6.4248389599619316e-06,429
Snrpb,6.405399845199611e-06,430
2610018G03Rik,6.39630489041032e-06,431
Xpc,6.387609770674985e-06,432
Mapkapk2,6.383606693916022e-06,433
Cox8a,6.3726785488604776e-06,434
Stard10,6.329393255288807e-06,435
Igsf3,6.318652975290107e-06,436
Usp32,6.291915247702562e-06,437
Prelid2,6.280783664935896e-06,438
Kif17,6.267188767283827e-06,439
Irf2,6.261593103573659e-06,440
Palm,6.2205727966446744e-06,441
Pcbp1,6.198825068581826e-06,442
Tpm4,6.182639257223954e-06,443
Slc46a3,6.148190692778499e-06,444
LPCAT4,6.1434100435686645e-06,445
Sf3b2,6.1273414913021185e-06,446
Hnrnpab,6.123424757475959e-06,447
Gnas,6.1117673879618195e-06,448
Spns3,6.092040462091219e-06,449
Fxyd5,6.045835979184844e-06,450
Cdc14a,6.022100448976886e-06,451
Tmx4,5.962986204588461e-06,452
Nolc1,5.911422942261879e-06,453
Arid1b,5.899694877742334e-06,454
Cd52,5.897563884360579e-06,455
Txnl4a,5.896981112973876e-06,456
Scrn3,5.853035003999807e-06,457
C1qbp,5.823424516160358e-06,458
AK004850,5.811884740136719e-06,459
Pspc1,5.811166244651389e-06,460
Dut,5.800606794448271e-06,461
Galk1,5.775533979957004e-06,462
Ccbl1,5.752953143423056e-06,463
Anp32e,5.747941258515965e-06,464
Srsf6,5.665889143191549e-06,465
Tkt,5.627106220540412e-06,466
Il6ra,5.617335810947921e-06,467
Arid5a,5.606530677937371e-06,468
Arpc1b,5.591492778789231e-06,469
Metap2,5.587589178235319e-06,470
Tmsb10,5.5471769488946165e-06,471
Zfand2b,5.541612027926135e-06,472
Cenp-a,5.535431560232951e-06,473
Arid3a,5.4610442967728545e-06,474
Tnfaip2,5.457308535961047e-06,475
Plcb2,5.451609007112168e-06,476
Dctpp1,5.44146208825147e-06,477
Cd9,5.3899227570042285e-06,478
2510002D24Rik,5.375560547360436e-06,479
Apobec3,5.367537990963456e-06,480
Pdap1,5.336275877843022e-06,481
AK153427,5.314521328125821e-06,482
Elk3,5.3065668330631866e-06,483
Clic1,5.2936390930735655e-06,484
Trim28,5.279496460897093e-06,485
Arhgap17,5.27923239213024e-06,486
Ppm1g,5.27626962032457e-06,487
Chac2,5.275980798469249e-06,488
B4galt6,5.25697904696365e-06,489
H3f3a,5.252104793740386e-06,490
Akr1a4,5.251398795591555e-06,491
Igfbp4,5.246354760846117e-06,492
Itgb7,5.2427710690583496e-06,493
Kif3a,5.2401522323553e-06,494
Ssrp1,5.23610152169951e-06,495
Psma7,5.219206427931056e-06,496
Pfkp,5.187703373099595e-06,497
Dyrk3,5.158564734264459e-06,498
Ifngr2,5.158356339629577e-06,499
Ank1,5.157889682694261e-06,500
Cct3,5.153128928681028e-06,501
Tspan33,5.152121528517739e-06,502
Allergin-1,5.15103610188028e-06,503
Hspa4,5.126049145154354e-06,504
S100a10,5.120980096640082e-06,505
Urod,5.0376756781655985e-06,506
Litaf,5.023066707021684e-06,507
Eif3b,5.014943710746067e-06,508
Eif4e3,4.995464912393999e-06,509
Peo1,4.99480787152784e-06,510
Rcc2,4.987296149172593e-06,511
Ran,4.977130305894306e-06,512
Lmnb2,4.941961252891147e-06,513
Osbpl8,4.921979532168663e-06,514
Supt16h,4.919372174949643e-06,515
1810030N24Rik,4.914379022391557e-06,516
Ubtf,4.904683311268698e-06,517
Ifrd2,4.8296177912465765e-06,518
Klhl5,4.827520308614552e-06,519
Mcm5,4.823506702056335e-06,520
Parp1,4.799546931222309e-06,521
2610029I01Rik,4.785185373945566e-06,522
Lrrc14,4.7557788547258895e-06,523
Tmem176b,4.75520708276278e-06,524
Erc1,4.745918494197809e-06,525
Krtcap2,4.688330047519784e-06,526
Ptpn18,4.661521834092852e-06,527
Mrpl52,4.6483185820456185e-06,528
Cox7c,4.636528056600753e-06,529
Abcf1,4.592289730931398e-06,530
Cd34,4.585730791761833e-06,531
C3,4.582571829114812e-06,532
Pnp,4.57895693894983e-06,533
Erp44,4.556688936618869e-06,534
Pcf11,4.551566795907291e-06,535
Sox12,4.547035821422796e-06,536
Nup160,4.543111131072308e-06,537
Dstn,4.541043262529243e-06,538
Chst10,4.500226842507615e-06,539
Khsrp,4.451774838765132e-06,540
Plxnb2,4.432757131578313e-06,541
Gspt1,4.422484877864008e-06,542
Trmt61a,4.41424711272731e-06,543
Tgfb1,4.344082342067068e-06,544
Edem2,4.324625956453332e-06,545
Tcf19,4.317662262609545e-06,546
Hp,4.29227436926638e-06,547
Mylk3,4.291046570736867e-06,548
Alox5ap,4.271589293169953e-06,549
Ifitm3,4.2650343652361755e-06,550
Wdsub1,4.256605202535013e-06,551
HDAC7,4.248277192697714e-06,552
Rogdi,4.238151293911585e-06,553
Ddx27,4.223131438996219e-06,554
Cox6b1,4.2039936305471315e-06,555
Canx,4.200780008956073e-06,556
Etf1,4.166316729836694e-06,557
Ung,4.156120670728569e-06,558
ENSMUSG00000073777,4.143840989678793e-06,559
Galnt2,4.134446383696755e-06,560
Prodh,4.1167686144483184e-06,561
Eif3g,4.113803440564112e-06,562
Dtx3,4.103705579794337e-06,563
Zeb1,4.1032666748819224e-06,564
Ube2c,4.10325549182744e-06,565
Tmem205,4.07132399682375e-06,566
Morf4l2,4.0682699862237826e-06,567
Spire1,4.053073086263126e-06,568
Pla2g12a,4.052534354981319e-06,569
Agpat4,4.038532616768009e-06,570
Lyar,4.036279759311867e-06,571
0610007L01Rik,4.025911436889018e-06,572
2510003E04Rik,4.021796031761227e-06,573
Psmb4,4.010006936283617e-06,574
AK081796,4.005163746656493e-06,575
Wdr73,4.000309666185586e-06,576
Tapt1,3.9910213396332495e-06,577
Lat2,3.9867121912617876e-06,578
Hmha1,3.983217812919548e-06,579
AK051928,3.9749600122540585e-06,580
Smc1a,3.9587651214922914e-06,581
Caprin1,3.949764369348685e-06,582
Cox5a,3.932753931401578e-06,583
Ankrd13a,3.854757847365775e-06,584
Mipol1,3.849498795505113e-06,585
Fam59a,3.846544394559004e-06,586
Cited4,3.840195106352695e-06,587
Rasa4,3.823271226721658e-06,588
Magoh,3.816185807359318e-06,589
Pnpla2,3.806529958350069e-06,590
Acin1,3.8050401673928036e-06,591
Lgals9,3.7897488835980653e-06,592
Hyal2,3.778346971738955e-06,593
Hsph1,3.7719886722964446e-06,594
Baz1b,3.769496381256232e-06,595
Pabpn1,3.764855939003553e-06,596
Sfpq,3.7572786149020487e-06,597
Adap1,3.755742033817455e-06,598
Rbm25,3.755086914081218e-06,599
Gpr56,3.7451058014781324e-06,600
Anxa5,3.7436265754031695e-06,601
Ppp2r4,3.71144419775149e-06,602
Rps11,3.706997975028159e-06,603
Pou2f2,3.7043102514289217e-06,604
Ncf4,3.701980538117766e-06,605
Bin1,3.68715202991865e-06,606
Glb1,3.675008979353578e-06,607
Erp29,3.6702524541798454e-06,608
Herpud1,3.6677690646857997e-06,609
Lcp1,3.6552528392963524e-06,610
Eif3i,3.651456863096314e-06,611
Aldoa,3.6485039853761947e-06,612
Slc22a3,3.646112819666314e-06,613
Mbnl1,3.6142810817541005e-06,614
Aplp2,3.6132588436821322e-06,615
Npc2,3.612483874260164e-06,616
Idh2,3.6001907388616416e-06,617
Usp24,3.58508739739527e-06,618
Cfp,3.582796709755698e-06,619
Shisa5,3.55437439547579e-06,620
Svip,3.5514942289260887e-06,621
Zfp706,3.5411620897818352e-06,622
Fkbp11,3.53977326494892e-06,623
Tomm6,3.5313037418660542e-06,624
Rab37,3.529413502123546e-06,625
Eml4,3.5248295269241225e-06,626
Anxa3,3.5106947016139145e-06,627
Stx2,3.5095809474139372e-06,628
Park7,3.4991920780935715e-06,629
Vdac1,3.498108283706003e-06,630
Ap1b1,3.4966145170400864e-06,631
Capzb,3.496489446641604e-06,632
Pole3,3.4959392045674775e-06,633
Nop58,3.4637844863461e-06,634
Banf1,3.4317180208631726e-06,635
Pecam1,3.4284492873570827e-06,636
Cenpn,3.428204607747176e-06,637
Trp53,3.4179583050519824e-06,638
Ndufb9,3.4002799329524436e-06,639
Gadd45a,3.3986527223639484e-06,640
Hdlbp,3.385227706154126e-06,641
Impa2,3.3807546151454204e-06,642
Vars,3.3638421510495675e-06,643
AK031561,3.344851555953099e-06,644
1190007F08Rik,3.340355864356326e-06,645
Isg20,3.3390260101295866e-06,646
Dclre1a,3.3250124162886863e-06,647
Ruvbl1,3.322571422881282e-06,648
Gatm,3.318682455955013e-06,649
Dnmt3b,3.29899044815285e-06,650
Chd6,3.291334981225802e-06,651
Pik3cd,3.287939412288665e-06,652
Atp1b2,3.2869219679376727e-06,653
Nefh,3.284093091471263e-06,654
Cbx5,3.2821630886470388e-06,655
Ptdss2,3.2776636731401965e-06,656
Slc25a38,3.2731819963327524e-06,657
Anxa2,3.2663709228497595e-06,658
Ahctf1,3.2621751313577363e-06,659
2700094K13Rik,3.253911766920581e-06,660
Galnt6,3.250367102802798e-06,661
Nedd4,3.2496453972186146e-06,662
Etnk1,3.2400768672502522e-06,663
Son,3.2399624454448883e-06,664
Prssl1,3.23407956459576e-06,665
2610029G23Rik,3.224607936447299e-06,666
Slc25a4,3.21926027568864e-06,667
Fut7,3.2127152767014167e-06,668
Arrb1,3.1933595034949747e-06,669
Prdx6,3.1930759418763444e-06,670
Nup210,3.1869642347359672e-06,671
Fubp1,3.1727395712888296e-06,672
Rexo2,3.163778906190018e-06,673
Cd93,3.160801561374882e-06,674
Srrm1,3.1577725412290647e-06,675
Gas5,3.1571554901521637e-06,676
Msi2,3.154821762940685e-06,677
Uqcrq,3.134598825615953e-06,678
Hip1r,3.1301128664562583e-06,679
Ctbp1,3.125641424350789e-06,680
Bcas3,3.1248179150900057e-06,681
Eif3d,3.1211174373879658e-06,682
Prorsd1,3.118493409726142e-06,683
Eprs,3.113203579818702e-06,684
Dctn5,3.1001914049255674e-06,685
Srprb,3.0981346801350895e-06,686
Etfb,3.0932611869705084e-06,687
Vps72,3.076449780925472e-06,688
Samhd1,3.074569841610142e-06,689
Serinc5,3.069121285559362e-06,690
Spns2,3.0683611464965566e-06,691
Eef1d,3.0671794202241642e-06,692
Dek,3.0559361015036757e-06,693
Sfmbt1,3.047050864513068e-06,694
Hnrnpm,3.046002557516303e-06,695
Anln,3.023452568973184e-06,696
G6pdx,3.012673969626789e-06,697
Rnaset2a,3.0097594658773374e-06,698
Coro7,3.000817275777834e-06,699
Clint1,2.99218023824821e-06,700
Dusp11,2.9917297381665264e-06,701
Scaf11,2.9899557056900505e-06,702
Tpr,2.989488308680066e-06,703
Khk,2.9883328007684895e-06,704
Slc39a8,2.9864357946607356e-06,705
Napsa,2.982769647275063e-06,706
Dtnbp1,2.9670516208391007e-06,707
Ppp1r15b,2.9639241536649763e-06,708
Tns1,2.960823430209203e-06,709
Fam49b,2.948195754859384e-06,710
Parvg,2.943733745652821e-06,711
Vcl,2.9347628105469425e-06,712
Lpgat1,2.9277272717287417e-06,713
Paqr9,2.9151343594602253e-06,714
Tiam1,2.903862732717144e-06,715
Pabpc4,2.903229474382485e-06,716
H2afx,2.9001188017740986e-06,717
Fcer1g,2.8947313466254343e-06,718
Rftn1,2.8909954601363808e-06,719
Arf4,2.8753767393752128e-06,720
Cfdp1,2.8752468468340453e-06,721
Gmfg,2.8675239849285106e-06,722
Limd2,2.864600526786276e-06,723
Zyx,2.862074942600046e-06,724
Lmo4,2.861572835799464e-06,725
Oaf,2.8611816043078164e-06,726
Nasp,2.853496577692738e-06,727
H2-Q7,2.8533997329383e-06,728
Gm2a,2.85336881544751e-06,729
Psmd11,2.8512294223403956e-06,730
Spnb1,2.8491367849436955e-06,731
Cpt2,2.8478543150356472e-06,732
H1f0,2.845558735975473e-06,733
H2afv,2.843084014880759e-06,734
Eif4ebp1,2.832899043347936e-06,735
Psat1,2.8250442758448457e-06,736
Smarca4,2.821028841193396e-06,737
Eif3h,2.8075180977804592e-06,738
3110056O03Rik,2.806480340789008e-06,739
Tet2,2.8063100743214164e-06,740
Txnl1,2.789023775262578e-06,741
Alas1,2.7866101652840314e-06,742
Ache,2.7788097705094827e-06,743
Arl6ip1,2.7723631763620915e-06,744
1700017B05Rik,2.7654341847593855e-06,745
Pdia3,2.7641200941452837e-06,746
Psmb9,2.759419181597167e-06,747
Gpi1,2.7580680439509564e-06,748
Cyc1,2.756887621524484e-06,749
Eif3k,2.7469787207135e-06,750
Mcm7,2.743166102492367e-06,751
Slc43a3,2.7380727962711404e-06,752
Atp5o,2.7373414768216975e-06,753
Hnrpdl,2.7343177715355438e-06,754
Ipo5,2.7331129861529746e-06,755
Hars,2.729175765825431e-06,756
Gtf2i,2.726447540402077e-06,757
Uqcrfs1,2.7254898826711838e-06,758
Arpc4,2.7181144537369306e-06,759
Gclm,2.7155309234583314e-06,760
Abcb4,2.709634026709651e-06,761
Bcl2l11,2.7095541699218018e-06,762
Crip1,2.7085872138510325e-06,763
Wdr8,2.7028300941811523e-06,764
Ddb1,2.687651259325463e-06,765
Polq,2.683906267231251e-06,766
Psmb10,2.6810403750410217e-06,767
Cnbp,2.675502097870819e-06,768
Serpinf1,2.672679824788915e-06,769
Mrpl35,2.6669843768978296e-06,770
Dcaf4,2.6632492398093177e-06,771
Tmem179b,2.661493311295615e-06,772
Myo1g,2.6458136741513982e-06,773
Huwe1,2.624381556293187e-06,774
Nat15,2.6215205499724448e-06,775
Phf10,2.612925938949573e-06,776
Usp1,2.6123881509132474e-06,777
Smc3,2.610680217562944e-06,778
Grhpr,2.6058975477472046e-06,779
Ptpn1,2.5891402948285958e-06,780
Csf2rb,2.5839307000730116e-06,781
Sfrs7,2.5647804893225157e-06,782
Hsd17b12,2.562730154753723e-06,783
Gstp1,2.558469189839485e-06,784
8430419L09Rik,2.5574569955111315e-06,785
Pycard,2.55244598479365e-06,786
Ier3ip1,2.5421101310652006e-06,787
Dck,2.541474462880444e-06,788
AK080350,2.5263859506630126e-06,789
Hn1,2.5180465399454732e-06,790
Tifab,2.515972132188793e-06,791
Gnl2,2.511952661654604e-06,792
Crip2,2.5070848321817607e-06,793
Gfi1b,2.505385125362025e-06,794
Atp6v0a1,2.504500810296406e-06,795
Mdh2,2.5017549845074427e-06,796
Zmynd11,2.5005833506064334e-06,797
Zmynd8,2.499499442532027e-06,798
Pklr,2.497900635889394e-06,799
H2-DMa,2.4961122218059018e-06,800
Ptprcap,2.494852483048149e-06,801
Csf1r,2.4909695661712306e-06,802
Slc41a3,2.48556488546825e-06,803
Ubxn2a,2.4818337340803964e-06,804
Sqstm1,2.481730393633086e-06,805
Slc38a5,2.4809670098324688e-06,806
Sfpi1,2.4792724306887948e-06,807
AK172428,2.473811472780696e-06,808
Ywhae,2.473708807571029e-06,809
Csgalnact2,2.464192985218716e-06,810
Gxylt1,2.4637401236926593e-06,811
Xbp1,2.46282431248801e-06,812
Git2,2.4584426212559407e-06,813
Rps10,2.456452231847095e-06,814
SMC4,2.456183250343358e-06,815
Cenph,2.4518256505068337e-06,816
Ctsh,2.4498318149657194e-06,817
Pglyrp1,2.4439972534651133e-06,818
Nr3c1,2.442537996083516e-06,819
Ube2q1,2.441634822547556e-06,820
Dnahc8,2.4373340958838696e-06,821
Ccne1,2.4234970190661898e-06,822
Tmem41a,2.4215455720622003e-06,823
Prpf8,2.4103664650887424e-06,824
Igf2r,2.4066241575138037e-06,825
Rps27l,2.4053314462424424e-06,826
Actr3,2.402685969959961e-06,827
Atf4,2.401113405658961e-06,828
Fam158a,2.397956082589303e-06,829
Ncor1,2.3966476891956745e-06,830
Prkcd,2.3948055891676034e-06,831
Klhdc2,2.388893748594967e-06,832
Bsg,2.387202580944603e-06,833
Mrpl18,2.379293154497475e-06,834
Myo1f,2.3547334542239895e-06,835
Dock7,2.3516861280548085e-06,836
mFLJ00022,2.345862936570242e-06,837
BC005764,2.3381305100933503e-06,838
Bag1,2.337704787747086e-06,839
Ddx5,2.3376678888187286e-06,840
Slc44a2,2.3355663623103595e-06,841
mKIAA0007,2.3330164851120827e-06,842
Pip5k1b,2.32572862035596e-06,843
Mcm6,2.3252740755097534e-06,844
1500032L24Rik,2.3241546738272945e-06,845
Psmc3,2.3159249062931764e-06,846
Drctnnb1a,2.305611089825632e-06,847
1190002H23Rik,2.298331592376357e-06,848
AK188353,2.2944465520868818e-06,849
Dmxl1,2.290889150602382e-06,850
Psmb1,2.2904986947125394e-06,851
Dhrs11,2.2899242808627207e-06,852
Gm5506,2.2872082159342e-06,853
Smarcc2,2.2864666779920384e-06,854
Nfkbia,2.280615121419416e-06,855
Cachd1,2.2741132983394863e-06,856
Sf3b1,2.2726430455310975e-06,857
Hexa,2.270567107443e-06,858
Dcaf7,2.268321728449152e-06,859
Bclaf1,2.2669814672138244e-06,860
Lsp1,2.2657273044401904e-06,861
Smarcc1,2.2613898089662854e-06,862
Mcm3,2.2585390309082243e-06,863
Ssr4,2.2579200513739295e-06,864
Fbxo5,2.2517341120575907e-06,865
Cnn2,2.248682457572926e-06,866
Dcaf8,2.2391682283906533e-06,867
Dennd4a,2.2388418059460236e-06,868
Aff4,2.2373749453130642e-06,869
Tmem9,2.2368380874215887e-06,870
AK005678,2.234359031794142e-06,871
Rabgap1l,2.230733798791462e-06,872
Mcm2,2.230530718794199e-06,873
Blvra,2.2283794940403112e-06,874
Shmt1,2.2224138018778206e-06,875
2900010M23Rik,2.2186874313323557e-06,876
Ctss,2.2119452873781142e-06,877
Sp110,2.2049686567715554e-06,878
Pld4,2.1992282017713194e-06,879
Dnajc10,2.194091934359932e-06,880
Ak2,2.187425048427727e-06,881
Eftud2,2.183032689062614e-06,882
Slc7a1,2.1818185427235903e-06,883
Lsm4,2.1717151541533752e-06,884
Atp5f1,2.171212177159987e-06,885
Larp1,2.162716313369728e-06,886
Hnrnpd,2.1627148591996104e-06,887
0910001L09Rik,2.1552628903798166e-06,888
Sdhb,2.1408611001749733e-06,889
Rassf3,2.1386610442597487e-06,890
Paics,2.1368753126971285e-06,891
Akap13,2.12789586551132e-06,892
Hnrnph1,2.1241739434074702e-06,893
Nkg7,2.1214622050180765e-06,894
Sell,2.120394916316215e-06,895
6030458C11Rik,2.1139768544564674e-06,896
Slco3a1,2.1138930050845772e-06,897
Rfc4,2.1104979162078763e-06,898
Ydjc,2.10064962313794e-06,899
Slpi,2.0974800378770198e-06,900
Gnl3,2.091753612099012e-06,901
Psap,2.091710056939533e-06,902
Capn1,2.090130006848767e-06,903
Dnmt1,2.0898925370271826e-06,904
Tmem173,2.0871705692648845e-06,905
Gclc,2.081436325518382e-06,906
Esyt1,2.080392014214283e-06,907
Eif4a1,2.0669515781168712e-06,908
Il16,2.064987562944154e-06,909
Acot7,2.063001864893721e-06,910
Rnf187,2.0605459665201664e-06,911
Gng10,2.0592146749986995e-06,912
Rangap1,2.056568572772477e-06,913
Nat10,2.0560800102487065e-06,914
Tfrc,2.0537184040048118e-06,915
Myl12b,2.0516279946036775e-06,916
Txn2,2.051122621082868e-06,917
Rsu1,2.0509337803620298e-06,918
Fam168b,2.049965538208909e-06,919
Tubb2a,2.049744449950097e-06,920
2210016F16Rik,2.046332765459624e-06,921
Gata1,2.044227608966054e-06,922
Il17ra,2.04157264693805e-06,923
Mobkl2a,2.039617146509798e-06,924
D6Mm5e,2.0364565340713625e-06,925
F13a1,2.034500600434086e-06,926
Tmem176a,2.033233392984002e-06,927
Uqcrc2,2.029434201578084e-06,928
Necap2,2.026687647260772e-06,929
Ccnf,2.025868566679634e-06,930
Afmid,2.019317358659123e-06,931
M-rdgB beta,2.0189158804750917e-06,932
BC057079,2.016674671034835e-06,933
Rin3,2.015473384187061e-06,934
Ms4a6c,2.0076949944769495e-06,935
Sh2d4a,2.0065136721036936e-06,936
Sigmar1,2.005440635555189e-06,937
Asns,1.9940663169570882e-06,938
Bmp1,1.9856636217507884e-06,939
Ostf1,1.9853953510118316e-06,940
AK087942,1.9847593257793505e-06,941
Lta4h,1.9830316813074234e-06,942
Pdcd6ip,1.9775880204520035e-06,943
Get4,1.9587304707080477e-06,944
Ddx24,1.954120183000896e-06,945
Tmed10,1.948982921495812e-06,946
Cdc37,1.947339336005882e-06,947
FKBP12-T1,1.9459807616417635e-06,948
Spata24,1.941670963345743e-06,949
Sfxn1,1.939811843820749e-06,950
Psmd4,1.934634902944765e-06,951
Mgst3,1.934310254414484e-06,952
Rec8,1.9245821401003838e-06,953
Ddx39,1.9190645992317457e-06,954
Slc14a1,1.914038647576888e-06,955
Txndc5,1.913881829906927e-06,956
Atn1,1.9118064416012714e-06,957
Epb4.1,1.909609038452942e-06,958
Cpsf2,1.908508540537923e-06,959
Ass1,1.9078727926391537e-06,960
Cdv3,1.9003889955016007e-06,961
Lamp1,1.8933961596356852e-06,962
Ripk3,1.8932178820207923e-06,963
Samm50,1.8930662919469654e-06,964
Cul4a,1.891468188519596e-06,965
Psmd7,1.8910658889925713e-06,966
Dkkl1,1.8907544958590705e-06,967
Rap1b,1.8893745341586055e-06,968
Coro2a,1.8846645921666294e-06,969
Lmna,1.8816147597799926e-06,970
rp9,1.8812623794328687e-06,971
Cd27,1.8809375237349713e-06,972
Uba1,1.8808744635112618e-06,973
Lpin1,1.8780749280189468e-06,974
Etfdh,1.8771393299754635e-06,975
Apbb1ip,1.8768411611524982e-06,976
Hmgb2,1.8765254061747783e-06,977
Ptp4a3,1.8752587143122668e-06,978
Gng12,1.873269075192141e-06,979
Epor,1.873070946123434e-06,980
Csnk1a1,1.8707428459663333e-06,981
C230096C10Rik,1.8700068327159869e-06,982
Anxa6,1.8679651241360062e-06,983
Tmem229b,1.8674093071879838e-06,984
Ifngr1,1.8646417385692615e-06,985
Myc,1.8640800174551941e-06,986
Myh10,1.8626181510494888e-06,987
Cbfa2t3,1.8608379308560075e-06,988
Tal1,1.8587065582220674e-06,989
Tmed3,1.8586895065286768e-06,990
Ddx3x,1.852734389684585e-06,991
Net1,1.847601756033157e-06,992
Kpnb1,1.846064014099369e-06,993
Mcm4,1.8455674302142455e-06,994
Icam4,1.8437726516662423e-06,995
Thoc4,1.8399685350889428e-06,996
Fba,1.8332885904914775e-06,997
Fnbp1,1.8327212061297615e-06,998
Cs,1.8292673817921212e-06,999
Vamp8,1.8265999937039368e-06,1000
Echs1,1.8168847670807509e-06,1001
Cacybp,1.8166240314254622e-06,1002
Tgm2,1.8154990404362081e-06,1003
Stat5b,1.8154180587703905e-06,1004
Dync1i2,1.8121206517562882e-06,1005
2010011I20Rik,1.811737726287177e-06,1006
Nfia,1.8083083521691634e-06,1007
Tpx2,1.8078372459040537e-06,1008
Ptpn11,1.8048011665161567e-06,1009
Xrcc5,1.8036637481344542e-06,1010
Ppm1m,1.7975289703375807e-06,1011
Nudt9,1.7925055830758652e-06,1012
Cnpy3,1.7870409436682166e-06,1013
Ifnar2,1.7843864348332517e-06,1014
Bex6,1.7808934504870422e-06,1015
Sirt7,1.7779473815426883e-06,1016
Commd7,1.776831993538508e-06,1017
Psmg1,1.7745522671308578e-06,1018
Fam129c,1.7712108197898146e-06,1019
Mknk2,1.7709041135738346e-06,1020
Ptch1,1.7708463013743625e-06,1021
Fes,1.7682516091355183e-06,1022
Plod3,1.7672550118863484e-06,1023
Ifitm2,1.7646377645785805e-06,1024
Plcl2,1.7590859504590384e-06,1025
Prdx4,1.7571894073142857e-06,1026
Cebpa,1.7569420329710539e-06,1027
Igf1r,1.7537194374472875e-06,1028
Epn1,1.7536498615466911e-06,1029
Man2b1,1.7469544073556165e-06,1030
Sox4,1.7453935867717263e-06,1031
Flt3,1.739099857900328e-06,1032
Nfatc3,1.7373075102966595e-06,1033
Dock10,1.736451127332117e-06,1034
Fam46a,1.7292166745175308e-06,1035
Eif5b,1.7274494052976763e-06,1036
Cyb5b,1.726971166071678e-06,1037
Gars,1.7258487192695071e-06,1038
Uqcr,1.7232932940647316e-06,1039
Phf5a,1.719368893260409e-06,1040
Ezh2,1.7165267238716808e-06,1041
St3gal5,1.716136792451195e-06,1042
Ak3,1.7117743580374878e-06,1043
Cercam,1.707412849105694e-06,1044
Arl4a,1.7064149109291549e-06,1045
Zbtb38,1.70624017248322e-06,1046
Grk6,1.7059216905757069e-06,1047
Ckap4,1.7042279820689288e-06,1048
Cltc,1.698148043516312e-06,1049
Zfp106,1.6972338612308846e-06,1050
Brd3,1.690650952124173e-06,1051
Myh9,1.6891012151187823e-06,1052
Tor1a,1.6887240996688035e-06,1053
Tmem165,1.6875993027465341e-06,1054
Gtf2f1,1.6856977584911448e-06,1055
Rgs19,1.6844534964643998e-06,1056
Cic,1.6826016375759423e-06,1057
Hbb-b1,1.6783602190262314e-06,1058
Vav1,1.6628421994901998e-06,1059
Rab2a,1.6578998909277942e-06,1060
Ptpre,1.6572404129000518e-06,1061
Hk1,1.6550839665452344e-06,1062
Ninj1,1.647389425762924e-06,1063
3110003A17Rik,1.6413075878407568e-06,1064
Fam195b,1.6387230572512124e-06,1065
Trpv2,1.6306355763440195e-06,1066
Mrpl20,1.6297265768017155e-06,1067
Rsl1d1,1.6249448240301945e-06,1068
Ly86,1.6209097140063022e-06,1069
Cited2,1.6164431460019557e-06,1070
Psmd1,1.6125451238746535e-06,1071
Runx1,1.6071062436395778e-06,1072
Trf,1.604099295393624e-06,1073
Aldh18a1,1.6029742142542602e-06,1074
Bst2,1.6019901585284657e-06,1075
Polr2f,1.6003984151247153e-06,1076
Manf,1.59716327163828e-06,1077
Shfm1,1.5927351617595065e-06,1078
Ctcf,1.590716096178113e-06,1079
Tmc6,1.5894789135995069e-06,1080
Selk,1.589234905230441e-06,1081
Unc93b1,1.586882021342717e-06,1082
Mbp,1.5868235905269756e-06,1083
Baz1a,1.5819288516905061e-06,1084
Whsc1,1.5765370475762097e-06,1085
Clspn,1.5763128784485048e-06,1086
Mrpl12,1.575761336525261e-06,1087
Eif5,1.5693574193509363e-06,1088
Slk,1.5607037804343804e-06,1089
Ndufb8,1.5605368197668668e-06,1090
Sfrs3,1.5582319241591591e-06,1091
Txn1,1.5523562495456389e-06,1092
Fen1,1.5462185523063e-06,1093
Ftsj3,1.5435388740492328e-06,1094
Smpd4,1.5413130634023275e-06,1095
Abcc4,1.5398117658715904e-06,1096
Rbks,1.5396436470194175e-06,1097
Nfya,1.5354391129651646e-06,1098
H13,1.5352269835400278e-06,1099
Mat2a,1.5321579307503441e-06,1100
Gorasp2,1.5319173658490115e-06,1101
Dnaja4,1.5316028969536433e-06,1102
Clta,1.5311448235966196e-06,1103
Dazap1,1.5296539594977787e-06,1104
Syk,1.5266517943146596e-06,1105
Cdca3,1.52603139835783e-06,1106
Fads1,1.5258676080431854e-06,1107
Usp10,1.5250911036268633e-06,1108
Snrpd1,1.5224606946251384e-06,1109
Brd4,1.5183917163597016e-06,1110
Cdk2ap2,1.5165970794761563e-06,1111
Kctd20,1.5149495331545637e-06,1112
Prdx5,1.51269930692699e-06,1113
Etv6,1.5107038915385118e-06,1114
Cyba,1.509424789603031e-06,1115
Trappc5,1.5067233896104426e-06,1116
Samd1,1.5043033532169403e-06,1117
B4galnt1,1.5013050642664894e-06,1118
Tcf25,1.4944672297456663e-06,1119
Celf2,1.4938175709744428e-06,1120
Mtfp1,1.4922645947823554e-06,1121
Lpin2,1.4854205800940434e-06,1122
Ormdl3,1.484986681843381e-06,1123
Rbm39,1.4843136548758906e-06,1124
Tnfrsf1a,1.4818796933990797e-06,1125
Psmd2,1.4799603551551854e-06,1126
G6pc3,1.4783813604424267e-06,1127
Bod1l,1.4772735186241448e-06,1128
Fbxo9,1.4763248021854025e-06,1129
Cyfip2,1.4755723951598299e-06,1130
Pttg1ip,1.4752700976394806e-06,1131
Ppap2a,1.4701526265259446e-06,1132
Tcf3,1.4658627582875283e-06,1133
Gm608,1.463896837750056e-06,1134
Arf5,1.463418542790862e-06,1135
Atp2b1,1.458218069627648e-06,1136
Ostc,1.4540584478694996e-06,1137
Zbtb7a,1.4489885977742034e-06,1138
Hdc,1.4487113766392667e-06,1139
Racgap1,1.4443555540477604e-06,1140
Reep6,1.4436414801366482e-06,1141
Slc38a2,1.4416327809296803e-06,1142
Hadh,1.438912719198271e-06,1143
Snrpd2,1.4385606048605837e-06,1144
Mfn1,1.4375498915697449e-06,1145
Atrip,1.4358467905761785e-06,1146
Psmc2,1.4345191914344468e-06,1147
Smarca5,1.4276767552612313e-06,1148
Rnaseh2c,1.4276278905711592e-06,1149
Pnrc1,1.4246386768057562e-06,1150
Adcy6,1.4239442587271611e-06,1151
Vamp5,1.4238699308499747e-06,1152
Dapp1,1.422979263532298e-06,1153
Scamp2,1.4213391978934453e-06,1154
Lmnb1,1.4188397516878837e-06,1155
Bola2,1.4184277288276093e-06,1156
Itm2b,1.4171138753571455e-06,1157
Cnn3,1.4170280036029936e-06,1158
Itgb1,1.4150383389477383e-06,1159
Lefty1,1.4099412635193431e-06,1160
Aven,1.4092997187020728e-06,1161
Rdx,1.4026785448706391e-06,1162
Rnaseh1,1.4004548898327585e-06,1163
Efhd2,1.3985637199454004e-06,1164
Egfl7,1.3968892429438995e-06,1165
2310003F16Rik,1.3947708981110196e-06,1166
Arsb,1.3918810082280686e-06,1167
Birc5,1.3916436196748094e-06,1168
Igsf6,1.3887446892457689e-06,1169
Lrrc33,1.387705959254859e-06,1170
Parp14,1.3871328243819647e-06,1171
Oxr1,1.3871013024857604e-06,1172
Trim25,1.3847438709024829e-06,1173
Ddx46,1.3830792628954924e-06,1174
2810004N23Rik,1.382244444458891e-06,1175
Fut8,1.380293788599829e-06,1176
Prpf4b,1.3701378720476498e-06,1177
Ttc15,1.369067698098192e-06,1178
Gyg,1.3683951116671977e-06,1179
Foxp1,1.3654712456290241e-06,1180
Tecr,1.3650759143057911e-06,1181
Tmem70,1.3634702229481377e-06,1182
Aff3,1.3604172608427945e-06,1183
Sec61a1,1.3547718105133555e-06,1184
Uqcrc1,1.3540286745161723e-06,1185
Immt,1.353354022626263e-06,1186
Smyd3,1.344284960902442e-06,1187
AKAP95,1.3438339350191342e-06,1188
Magt1,1.34363427850559e-06,1189
Was,1.3407596002323885e-06,1190
Serpina3f,1.3395371136759593e-06,1191
Ogfrl1,1.3385357484629878e-06,1192
Wdr92,1.3369709324084766e-06,1193
2210020M01Rik,1.3356570502942589e-06,1194
Cox17,1.3349027283560133e-06,1195
Ruvbl2,1.3305298254273623e-06,1196
Stat3,1.3301862620274107e-06,1197
Nucks1,1.328956727331132e-06,1198
Sepx1,1.3256196771394002e-06,1199
D17Wsu104e,1.3241600895774752e-06,1200
Ankrd11,1.3219849146484108e-06,1201
Hcfc1,1.3201469046819625e-06,1202
Pdxk,1.3184791411990915e-06,1203
Isg20l2,1.3146502282346262e-06,1204
Atp5h,1.3119427608732082e-06,1205
Kcnn4,1.3117572412735257e-06,1206
Rnpep,1.3103330762653798e-06,1207
Chaf1b,1.3031388277351397e-06,1208
Mrps5,1.3027917811214706e-06,1209
D4Wsu53e,1.3003861691895935e-06,1210
Larp1b,1.2968053726414297e-06,1211
Calm2,1.2954752783844725e-06,1212
BC035044,1.2944142422366411e-06,1213
Creg1,1.2931796642412507e-06,1214
Impdh1,1.2930526060994652e-06,1215
Lmo2,1.2920485608081123e-06,1216
Flt3l,1.2913113478507654e-06,1217
Casp3,1.2891190561692412e-06,1218
Psme2,1.2880610602561404e-06,1219
Hspe1,1.2866703642533395e-06,1220
Shank3,1.2858182463215684e-06,1221
Phactr4,1.2839040179901673e-06,1222
Vps35,1.2770539605799769e-06,1223
Anapc5,1.272349025693842e-06,1224
Setd1a,1.2669530158326836e-06,1225
Fam162a,1.2626421657113696e-06,1226
Nmral1,1.2598224736759533e-06,1227
Stom,1.255891773466189e-06,1228
Mapkapk3,1.2557856337025441e-06,1229
Sdhc,1.2542037142182494e-06,1230
Abcb6,1.2522752839139173e-06,1231
Fkbp5,1.2508302686953243e-06,1232
Bag2,1.2477575188629686e-06,1233
Fech,1.2474286490427033e-06,1234
1810027O10Rik,1.2430516012074122e-06,1235
Mettl13,1.2428584419410527e-06,1236
Cdca8,1.2425944520000343e-06,1237
Klf3,1.2396538904280163e-06,1238
Lig1,1.23689891640133e-06,1239
Tm7sf3,1.234987383469388e-06,1240
Aldh2,1.2335631347504261e-06,1241
Nucb1,1.2314458688322816e-06,1242
Pacsin2,1.2294247335731256e-06,1243
Recql4,1.2279289396399662e-06,1244
Ssr2,1.2231100463555578e-06,1245
Scly,1.2217767579869587e-06,1246
2900010J23Rik,1.2205739059467646e-06,1247
Rps6ka1,1.2164791656221752e-06,1248
Ncapd2,1.2121832788647424e-06,1249
Arid2,1.2082527474088778e-06,1250
Plcg2,1.2072877018098893e-06,1251
Slc25a44,1.202605860450845e-06,1252
Tnks2,1.1992210231515088e-06,1253
Dnajb11,1.1953465250957862e-06,1254
Thrap3,1.192510168834815e-06,1255
Cap1,1.1900193548353144e-06,1256
Ank,1.1895448170928802e-06,1257
Asp,1.1861839248616945e-06,1258
Snx3,1.1853719505960925e-06,1259
Dhx38,1.18464793730233e-06,1260
2310014H01Rik,1.1845918821418167e-06,1261
1500001M20Rik,1.1842887319701845e-06,1262
1110002B05Rik,1.1812106723851912e-06,1263
Psme1,1.179613269730595e-06,1264
Zfp637,1.175736597414101e-06,1265
Ifitm1,1.1736936220696492e-06,1266
Wdhd1,1.172740803356831e-06,1267
Dpp9,1.172500913693142e-06,1268
Phgdh,1.171985462677938e-06,1269
Dazap2,1.1683381142546523e-06,1270
Itm2c,1.1648699667077267e-06,1271
Ythdc1,1.1595135744890683e-06,1272
AK041647,1.159413783202723e-06,1273
Nsmce4a,1.1564892965498785e-06,1274
Dap3,1.156315888151127e-06,1275
Nfkb1,1.1541832840578081e-06,1276
Ndufa13,1.1540153206368586e-06,1277
Hp1bp3,1.1519072020682586e-06,1278
Ctage5,1.1502000825114322e-06,1279
E2f4,1.1462261337857882e-06,1280
Cdt1,1.1433011959383066e-06,1281
Ndufb10,1.1406042812467376e-06,1282
Ankrd43,1.1405323023794267e-06,1283
Rad23a,1.1350475286331374e-06,1284
Ints8,1.1272886859536868e-06,1285
Pitpnm2,1.125582353544985e-06,1286
Sun2,1.1241726176614009e-06,1287
Psmb6,1.1235542469734128e-06,1288
Lyz1,1.1229715028981957e-06,1289
Cdc42se1,1.1199733718214588e-06,1290
Rpia,1.1189469653061224e-06,1291
Arhgap23,1.1184653756490803e-06,1292
Cyth3,1.117686388329986e-06,1293
Dlst,1.1151342071968884e-06,1294
Rab1b,1.1132997934648614e-06,1295
Vprbp,1.112320631824204e-06,1296
1110020G09Rik,1.1111793294382721e-06,1297
H2afj,1.110567394047024e-06,1298
6720456B07Rik,1.1092688558811403e-06,1299
Slc35c2,1.1064228486734606e-06,1300
Zkscan1,1.104600065415795e-06,1301
C530008M17Rik,1.1012609826277497e-06,1302
Idh3b,1.0987325114175661e-06,1303
Rrm2,1.0980923965675515e-06,1304
Dnpep,1.096596783600745e-06,1305
Pdcd4,1.0963037262445852e-06,1306
Psip1,1.0959977938540533e-06,1307
Prkab1,1.094918140376322e-06,1308
Cnpy2,1.0921722228829367e-06,1309
Wdr81,1.0873778957254387e-06,1310
Rab3il1,1.0873582150239258e-06,1311
Lims1,1.0870624134184936e-06,1312
Gpn3,1.0867823754256989e-06,1313
Hmgb3,1.0838174200333839e-06,1314
Ctsd,1.0833324080028461e-06,1315
Hnrnpc,1.0814137421100156e-06,1316
Slc35b2,1.0788140076822827e-06,1317
Atic,1.0787157382896595e-06,1318
Usp36,1.076109651609869e-06,1319
Muc13,1.0753210402114632e-06,1320
AK152437,1.0744998566458719e-06,1321
Pfdn1,1.0706544002481166e-06,1322
Nfic,1.0690125908929815e-06,1323
Tmbim6,1.0592159513933552e-06,1324
Arglu1,1.0560491880973188e-06,1325
Lias,1.0556150475959925e-06,1326
Phf14,1.053699481223802e-06,1327
Nfe2l2,1.0513941246514946e-06,1328
Tmem147,1.049193861346609e-06,1329
Cdc45,1.049061293834086e-06,1330
Wdfy4,1.0460839363624075e-06,1331
Srrt,1.0460528048206186e-06,1332
Stxbp5,1.0442308813196632e-06,1333
Adrbk1,1.0438432442860801e-06,1334
Tmem160,1.041807288881813e-06,1335
Cox5b,1.0414529663105299e-06,1336
Runx2,1.04017384705557e-06,1337
Por,1.0399847527597927e-06,1338
Sec63,1.0384923601058915e-06,1339
MRPL33,1.0381571085016361e-06,1340
Usp9x,1.037124496949815e-06,1341
Cnot1,1.0354954738112099e-06,1342
Def6,1.0353221888692588e-06,1343
Znhit1,1.0344652596749881e-06,1344
Smap2,1.0338816078814261e-06,1345
Ube2l6,1.0332678215263513e-06,1346
Rbm5,1.0324588859411676e-06,1347
Oip5,1.032413672552579e-06,1348
Cela1,1.0323832462244553e-06,1349
Ssna1,1.0301125805689537e-06,1350
Ndufs7,1.029569554500398e-06,1351
Cct8,1.0288452716444851e-06,1352
Gtf2h3,1.0278545385933313e-06,1353
Uqcr10,1.0207801590667032e-06,1354
Rfc2,1.0192964083888256e-06,1355
Trim10,1.0125115199599577e-06,1356
Rnf130,1.0092481688150912e-06,1357
Luc7l3,1.008406971703124e-06,1358
Atrx,1.0079515153638141e-06,1359
Psmd12,1.0078726659923376e-06,1360
Rrm1,1.0058398736134677e-06,1361
Afg3l2,1.0045219815957296e-06,1362
2810474O19Rik,1.003989904990732e-06,1363
5730469M10Rik,1.003821445522135e-06,1364
Nenf,1.0037391711126276e-06,1365
Fyb,1.0028192716227124e-06,1366
Creld2,1.0017842040355163e-06,1367
Cenpf,1.001364458241838e-06,1368
Cux1,1.0000196855042276e-06,1369
Spon2,9.994114265055032e-07,1370
Ndufa7,9.98870034019106e-07,1371
Tprkb,9.987204128147908e-07,1372
Fam117a,9.987197924221647e-07,1373
Sec31a,9.976220081142628e-07,1374
Atp5j2,9.9334152103836e-07,1375
Atp5c1,9.93335621979341e-07,1376
Fam107b,9.909926765860888e-07,1377
Fr1,9.90827661251359e-07,1378
Ifih1,9.89654485472613e-07,1379
Chchd10,9.880913995896634e-07,1380
Mtss1,9.877199920182989e-07,1381
Adh5,9.863758589911953e-07,1382
1300001I01Rik,9.849572548681351e-07,1383
Nap1l4,9.799925764220063e-07,1384
Josd2,9.761033128441454e-07,1385
Gltscr2,9.729381744705279e-07,1386
Dpy19l1,9.721804081763707e-07,1387
Spr,9.721070226564876e-07,1388
Ranbp10,9.720870861595898e-07,1389
Hausp,9.705588885910998e-07,1390
Slmap,9.701432748254746e-07,1391
Rcl1,9.668541909313433e-07,1392
Slc3a2,9.667746561081714e-07,1393
Lyl1,9.659961865970956e-07,1394
0610009O20Rik,9.65763512050799e-07,1395
Traf4,9.61761737139355e-07,1396
C330019G07Rik,9.615488860692523e-07,1397
Aggf1,9.572736741070287e-07,1398
Trim24,9.568079912813943e-07,1399
Limd1,9.56010963726328e-07,1400
Tbl1xr1,9.529718631995365e-07,1401
Ndufv2,9.522624844215954e-07,1402
Flna,9.519158574722297e-07,1403
Cd82,9.472702047208514e-07,1404
AK163149,9.430622494033258e-07,1405
Gfpt1,9.38689687535188e-07,1406
Bms1,9.369363864752955e-07,1407
Tsnax,9.348093052974349e-07,1408
Espl1,9.347168927753557e-07,1409
Pstpip1,9.341498823367544e-07,1410
Lrrc8c,9.320547253999223e-07,1411
Pccb,9.320098168785762e-07,1412
Tmem109,9.281806128136338e-07,1413
Luc7l,9.25624980441242e-07,1414
Atg2b,9.209672620080767e-07,1415
Usp39,9.17172730430238e-07,1416
Grb10,9.167442776014667e-07,1417
Mrp63,9.159316836093723e-07,1418
Ndufc2,9.14737433577173e-07,1419
Ndufb5,9.11439879125453e-07,1420
Icam2,9.098343258795438e-07,1421
Atox1,9.094481892013562e-07,1422
Prpf3,9.043250730478292e-07,1423
Lman2,9.039306057001539e-07,1424
Aes,9.038078123690951e-07,1425
Uhrf1bp1,9.036952575147694e-07,1426
1810031K17Rik,9.023984162137566e-07,1427
Rab4a,9.003996117584734e-07,1428
Pdrg1,8.988516329022644e-07,1429
Spag5,8.986669262078806e-07,1430
Pde4d,8.983585124688886e-07,1431
H47,8.933608612871069e-07,1432
Asph,8.895006706755026e-07,1433
Pak1,8.893956591204955e-07,1434
Cd81,8.858317843696284e-07,1435
Orc2,8.836585418947607e-07,1436
Armc9,8.790196956987018e-07,1437
Dync1h1,8.787606669002912e-07,1438
Gemin5,8.787586569525274e-07,1439
Sfswap,8.771467130408439e-07,1440
Spc24,8.753387186200001e-07,1441
Ehd1,8.719286572755891e-07,1442
Esco2,8.657366663555877e-07,1443
Atp1b3,8.647076006340626e-07,1444
Nfe2,8.644095266241436e-07,1445
Trak2,8.633934418522671e-07,1446
Chd3,8.620598908049004e-07,1447
Polr2j,8.611544464187659e-07,1448
Mdh1,8.566155484945881e-07,1449
Tlk1,8.56437433416346e-07,1450
Stt3b,8.56151873618316e-07,1451
Rpn2,8.549242804800627e-07,1452
Cmtm7,8.532091408941511e-07,1453
Top2b,8.531355926155726e-07,1454
Cdk1,8.530753168312089e-07,1455
Slc45a4,8.517900853544091e-07,1456
Sh3kbp1,8.511047291381857e-07,1457
Xpnpep1,8.509646052257125e-07,1458
Papola,8.495669925334681e-07,1459
Rpa2,8.491749563521722e-07,1460
Mrpl38,8.489715181969615e-07,1461
Ptprs,8.430156630545582e-07,1462
Scd2,8.430134765813335e-07,1463
Fance,8.426394155769401e-07,1464
Atp2b4,8.419199581943815e-07,1465
Irf7,8.388542422910206e-07,1466
Rassf4,8.38690981996848e-07,1467
Tmpo,8.375575037966598e-07,1468
Eif2c3,8.302402250137675e-07,1469
Dopey2,8.272896756533754e-07,1470
Eif2b1,8.262428385918952e-07,1471
Add1,8.259491273143738e-07,1472
Exosc5,8.256250827454181e-07,1473
Nudt3,8.218655669356423e-07,1474
Treml2,8.181675557050738e-07,1475
Map2k2,8.137512768069399e-07,1476
Aco1,8.135663094321899e-07,1477
Arhgap30,8.131584257053959e-07,1478
Bcas2,8.131382651654917e-07,1479
0610010K14Rik,8.103774769008254e-07,1480
Mbd2,8.095478936098743e-07,1481
Coro1b,8.09042892679912e-07,1482
Nudc,8.069329096027644e-07,1483
Mfsd2b,8.0350988973521e-07,1484
Hells,8.024613762369626e-07,1485
Tbc1d9b,7.96430641214485e-07,1486
Hnrnpk,7.938976496202343e-07,1487
Trim8,7.901640062257798e-07,1488
Taok3,7.847637599756041e-07,1489
Myo5b,7.841371312267142e-07,1490
Tspan31,7.828496928485862e-07,1491
Grina,7.81257049498052e-07,1492
Topbp1,7.812303568499601e-07,1493
Mapk14,7.809771611633209e-07,1494
Psmf1,7.779529236362492e-07,1495
Mrpl22,7.768439314048692e-07,1496
Nrgn,7.757303568389773e-07,1497
Ddost,7.754247710600737e-07,1498
Lgals3bp,7.693413937026605e-07,1499
Rnpepl1,7.67829728021141e-07,1500
Kars,7.672422579485527e-07,1501
Psmb3,7.654961076131173e-07,1502
Spcs2,7.654201497064861e-07,1503
Gusb,7.622863893441689e-07,1504
Ptpn6,7.610066246055425e-07,1505
Dis3,7.591751527424861e-07,1506
Ywhaq,7.587143149301312e-07,1507
Grb2,7.574352272055052e-07,1508
Gatad2b,7.567019202348035e-07,1509
mKIAA1575,7.557448771233766e-07,1510
Akt1,7.513724389340837e-07,1511
Dnajc2,7.492478182324902e-07,1512
Oat,7.482554107429706e-07,1513
Pwp2,7.472304961453347e-07,1514
Csde1,7.42838114131672e-07,1515
Fli1,7.418835437089655e-07,1516
Pcm1,7.395517531705309e-07,1517
Phospho1,7.394075365318997e-07,1518
Ing1,7.38808874967134e-07,1519
Mrpl47,7.384182230119052e-07,1520
Pgp,7.364200231840812e-07,1521
Pcbp2,7.340832408608833e-07,1522
Klhl22,7.282278857712043e-07,1523
Gart,7.275898887826315e-07,1524
Zfp800,7.271165414213243e-07,1525
Tk1,7.249511495555083e-07,1526
Usp25,7.237728540943067e-07,1527
Apip,7.220680382502564e-07,1528
6330503K22Rik,7.209709851352386e-07,1529
Csk,7.205354164430133e-07,1530
Pitpna,7.199888707454249e-07,1531
Brpf3,7.184556785055918e-07,1532
Rbm16,7.159695922798193e-07,1533
B230120H23Rik,7.151956982198726e-07,1534
Lsm2,7.123376841722262e-07,1535
Gfm1,7.044651524346079e-07,1536
Ganab,7.042852221417206e-07,1537
H2-T10,7.035118008147379e-07,1538
Minpp1,7.016535552573089e-07,1539
Slmo2,7.001344917156871e-07,1540
Xrcc6,7.000144079949422e-07,1541
Eif1ax,6.976132129743462e-07,1542
Nsun2,6.945142818626238e-07,1543
Sdad1,6.94258713629381e-07,1544
Srp72,6.934103957689786e-07,1545
Ttll12,6.927975819692733e-07,1546
Evi2b,6.910645475866062e-07,1547
Oasl1,6.893433750487787e-07,1548
Mogs,6.884339491808333e-07,1549
Aldh1a7,6.880471616899086e-07,1550
Acot13,6.872600557539243e-07,1551
Ppp6r1,6.827907854667359e-07,1552
Lrrfip1,6.824890361745162e-07,1553
2310028O11Rik,6.81596462159817e-07,1554
Twf2,6.808664012591947e-07,1555
Ep400,6.78262183972933e-07,1556
Sgpp1,6.777580559003127e-07,1557
Optn,6.756640855698492e-07,1558
Tfdp2,6.741821456657249e-07,1559
Epdr1,6.722283072413404e-07,1560
Bcl11a,6.700819075167175e-07,1561
Acadl,6.655923403542374e-07,1562
Sf3a2,6.655192532623033e-07,1563
2900073G15Rik,6.644831620494784e-07,1564
1810037I17Rik,6.63579668991332e-07,1565
Eif4e2,6.626033326462277e-07,1566
Mta1,6.608823324150137e-07,1567
Mad2l1,6.589396699396843e-07,1568
Bzw2,6.567485202335632e-07,1569
Cyhr1,6.551056728199001e-07,1570
Ndufa10,6.540001245003424e-07,1571
AK210533,6.515758002034744e-07,1572
Sh3glb1,6.502543878905698e-07,1573
Spop,6.502296037158573e-07,1574
Tsn,6.497063453902996e-07,1575
Tspo2,6.489820241206701e-07,1576
Pacs1,6.473476534818445e-07,1577
Butr1,6.465775843622623e-07,1578
Aqr,6.447419844679558e-07,1579
Agpat3,6.446949405436442e-07,1580
Ikzf1,6.43898983687663e-07,1581
Parvb,6.412869733019022e-07,1582
Ahsa1,6.401944578904306e-07,1583
Sae1,6.384586819230265e-07,1584
Jmy,6.383268316145774e-07,1585
Secisbp2,6.383260031661564e-07,1586
Arhgef2,6.377200223450785e-07,1587
Bex4,6.352940831177989e-07,1588
Slc22a23,6.348071350803508e-07,1589
Irf9,6.347612453438956e-07,1590
AK189633,6.346749896746218e-07,1591
Med7,6.345423644305015e-07,1592
Tbc1d5,6.338205016387377e-07,1593
H2-DMb1,6.332938524700182e-07,1594
Mapk6,6.329237287605594e-07,1595
Cct4,6.318037981678515e-07,1596
Btaf1,6.316113205784291e-07,1597
Birc6,6.306939557276792e-07,1598
BC029331,6.303480346581125e-07,1599
Dock2,6.300828183647411e-07,1600
Smc2,6.298532562176717e-07,1601
Rgs10,6.296760288737602e-07,1602
Kel,6.295028227576438e-07,1603
Integrin Alpha-4,6.290610572445843e-07,1604
Gpr97,6.28514740252939e-07,1605
Khdrbs1,6.278996063091569e-07,1606
Kcnab2,6.275431179147972e-07,1607
Mtdh,6.272114501104653e-07,1608
Ccnb2,6.261064813273265e-07,1609
Idh3a,6.258758042942958e-07,1610
Dia2,6.249333226460152e-07,1611
Def8,6.241515531080211e-07,1612
Pml,6.231246110210975e-07,1613
Tmem50a,6.229093423293364e-07,1614
Fam82a2,6.21718660109849e-07,1615
Tap1,6.209427694248149e-07,1616
Sbno1,6.202863302995354e-07,1617
BC021614,6.18119467832301e-07,1618
Abr,6.168513069226833e-07,1619
Tbcb,6.152675871007318e-07,1620
Mrps24,6.135804080376062e-07,1621
Lonp1,6.109717545221827e-07,1622
Tpd52l2,6.097375220281975e-07,1623
Eif4ebp2,6.077743623933429e-07,1624
Ndufb2,6.059058463847578e-07,1625
Ppid,6.039011850589304e-07,1626
Nol7,6.033667812044285e-07,1627
Plxnc1,6.03299266321855e-07,1628
Fam65a,6.031661690109047e-07,1629
Hspa14,6.031351404978125e-07,1630
BC048355,6.024436600693406e-07,1631
Tomm22,6.011817608175818e-07,1632
Gdi2,6.01142256639875e-07,1633
Rab22B,6.001855350490359e-07,1634
Cd63,5.969921259563193e-07,1635
Tuba1c,5.967381122573556e-07,1636
Adssl1,5.966911875709968e-07,1637
Mkrn1,5.96616716030951e-07,1638
Il1rl1,5.952058017566486e-07,1639
Lbp,5.920239618539824e-07,1640
Heatr3,5.909621432209633e-07,1641
Imp4,5.890086012261264e-07,1642
Mtfr1,5.87064068913179e-07,1643
Rbm8a,5.844980719427184e-07,1644
Flot2,5.834773548762939e-07,1645
Snrpf,5.806544285391624e-07,1646
Taf9,5.789524499810739e-07,1647
Beta-s,5.779096421409946e-07,1648
BC002221,5.741297706141069e-07,1649
Srp9,5.734669070722731e-07,1650
Rod1,5.711765849181205e-07,1651
Ncf2,5.699201013342758e-07,1652
Elmo1,5.690845050754234e-07,1653
2210023G05Rik,5.686431188145491e-07,1654
Paip2,5.684815600481841e-07,1655
Orc5,5.68440601478315e-07,1656
Tbl1x,5.670010905234335e-07,1657
Tspan32,5.66484674280332e-07,1658
Kdm3b,5.661607238582889e-07,1659
Gm15800,5.659909849686784e-07,1660
Mef2c,5.654583210557007e-07,1661
Gata2,5.649361840553979e-07,1662
Akap8l,5.649277303731992e-07,1663
Smg6,5.648519521006534e-07,1664
Mrpl28,5.637158533300379e-07,1665
Rrp9,5.635492208444504e-07,1666
Cad,5.583608289061459e-07,1667
Rsbn1,5.580159636586757e-07,1668
Trip12,5.570435810398067e-07,1669
Ssbp3,5.570051673231546e-07,1670
Nop14,5.565299738830021e-07,1671
Pus1,5.561577411938856e-07,1672
Sord,5.55303012905739e-07,1673
Ptpn13,5.549489192624435e-07,1674
Ubap2,5.525259816341332e-07,1675
Gng2,5.52148521348883e-07,1676
Cxcr4,5.516506869085447e-07,1677
Pdcd11,5.501288355969081e-07,1678
Ccnb1,5.488230077066447e-07,1679
Dnajb1,5.487580705398898e-07,1680
Cdc34,5.487098611034469e-07,1681
Iars2,5.475541462462985e-07,1682
Gstm5,5.468763539795418e-07,1683
Ap2a2,5.4491934142753e-07,1684
Pak1ip1,5.446004522902115e-07,1685
Tnfaip8,5.443612651756524e-07,1686
Edf1,5.441960915231192e-07,1687
Acyp1,5.426676077391335e-07,1688
Acsl6,5.406305534361167e-07,1689
Pfkfb4,5.338304345237077e-07,1690
Emilin2,5.333641390770083e-07,1691
Syngr1,5.321048150985774e-07,1692
Hyal1,5.318814215726775e-07,1693
Arid4b,5.290537776758697e-07,1694
Atp6v1f,5.26320826477189e-07,1695
Tor3a,5.259280617675444e-07,1696
Rrp1b,5.253583668096695e-07,1697
Camkk2,5.238352245306999e-07,1698
Cst7,5.237494395959885e-07,1699
Syce2,5.204755435528341e-07,1700
Mrpl30,5.204504389677567e-07,1701
Snd1,5.204428090710422e-07,1702
Slc25a39,5.194613765802103e-07,1703
Lmo1,5.182307485362969e-07,1704
Hectd1,5.176476809420905e-07,1705
Arf1,5.165943335327938e-07,1706
Rhag,5.164973899685066e-07,1707
Pck2,5.158559135409746e-07,1708
Txnip,5.145779884419e-07,1709
Tcerg1,5.139878713755763e-07,1710
Rgs2,5.12915333761299e-07,1711
Ehmt2,5.100038165117837e-07,1712
Tmem56,5.07374224634205e-07,1713
Nup85,5.061871464207002e-07,1714
Qars,5.053576737079624e-07,1715
Dhrs4,5.007713685944992e-07,1716
Wdr74,5.001281155880832e-07,1717
Larp7,4.993024094179788e-07,1718
Slc29a1,4.981132961656698e-07,1719
Rab32,4.900249330752615e-07,1720
Ipo4,4.892899689856733e-07,1721
Tbrg4,4.860704625464507e-07,1722
Mier3,4.843890926142791e-07,1723
Prkaa1,4.829200095368691e-07,1724
Sel1l,4.818376728721319e-07,1725
Tmed9,4.790476904048546e-07,1726
Sp100,4.789723355713704e-07,1727
Cyth4,4.786800766876098e-07,1728
Mta2,4.785886569269593e-07,1729
Cisd1,4.778090856305539e-07,1730
Ndufv1,4.768619743522606e-07,1731
Aak1,4.767483938739048e-07,1732
E2f2,4.745003252537572e-07,1733
Rrbp1,4.741986170397894e-07,1734
Ctsc,4.732612304270134e-07,1735
Cdr2,4.7215625564867025e-07,1736
Frat2,4.7206425013435194e-07,1737
Itsn1,4.695570352541978e-07,1738
Sdha,4.690607675605918e-07,1739
Dnhd1,4.685594554576511e-07,1740
Prr13,4.6827123356685263e-07,1741
Kif23,4.6823132593409866e-07,1742
Rhog,4.66693836687071e-07,1743
Grn,4.6416977017571526e-07,1744
Nop2,4.6416360310885807e-07,1745
Hyou1,4.62838239956298e-07,1746
Selenbp1,4.6055435731773287e-07,1747
Iqgap1,4.605292018844409e-07,1748
Gna15,4.5890799160730467e-07,1749
Snrpa1,4.588709729969054e-07,1750
Cd99l2,4.585320618755162e-07,1751
Rapgef6,4.577622190193864e-07,1752
Anapc11,4.571443754652904e-07,1753
Mars,4.566705542607963e-07,1754
Ccbl2,4.5357652034283547e-07,1755
Thra,4.5348417709867306e-07,1756
2310003C23Rik,4.528974029138766e-07,1757
Klhdc8b,4.528482466792383e-07,1758
Gtpbp1,4.5217550526110983e-07,1759
Xk,4.512359059738458e-07,1760
Tomm70a,4.5021004346779137e-07,1761
Arhgef25,4.499350176878636e-07,1762
Pygl,4.4918937347482313e-07,1763
1110004E09Rik,4.475304897777477e-07,1764
Nags,4.4504388796440253e-07,1765
Thumpd1,4.4487402672821474e-07,1766
Ap3s1,4.437101903675966e-07,1767
Zcchc6,4.434381870588311e-07,1768
Chd2,4.4328766857226753e-07,1769
Sec11c,4.4323996939432675e-07,1770
Col5a1,4.430294293644721e-07,1771
Rab44,4.428376387810573e-07,1772
Phactr2,4.427423780928308e-07,1773
Atp2a3,4.426184498917962e-07,1774
Rab27a,4.420567578655721e-07,1775
Apeh,4.417433512315938e-07,1776
Zdhhc14,4.4120921316448403e-07,1777
Uros,4.4061336668121953e-07,1778
Prdm2,4.377276243694439e-07,1779
Ptpra,4.376604929579031e-07,1780
Atp6v0b,4.3701278684693534e-07,1781
4930534B04Rik,4.3695928564346787e-07,1782
Med13l,4.3621158862805487e-07,1783
Dap,4.3528818638449707e-07,1784
Ugt1a1,4.3388418236034454e-07,1785
Ociad1,4.326062263970698e-07,1786
D17Wsu92e,4.314817954043093e-07,1787
Galns,4.309340544406126e-07,1788
Sars,4.3018323525600977e-07,1789
Naa50,4.301341927082092e-07,1790
Mcm10,4.293088240459042e-07,1791
Mta3,4.291170374592923e-07,1792
Ckap2l,4.2825725699024986e-07,1793
Pde6d,4.278732610440983e-07,1794
Tpp1,4.272937905724916e-07,1795
Rangrf,4.264468602688254e-07,1796
Cnnm2,4.2633449393036926e-07,1797
Noc4l,4.2527279298099074e-07,1798
Rbm33,4.2393660737438665e-07,1799
Ssx2ip,4.222551732713242e-07,1800
Naa25,4.219890168410956e-07,1801
Ctdspl,4.219775440184037e-07,1802
Tmem208,4.1957479468557324e-07,1803
Adsl,4.176143886258643e-07,1804
Luc7l2,4.1587909582752047e-07,1805
Hmgn1,4.1422955110448356e-07,1806
Mdn1,4.1412429618858937e-07,1807
Cldn15,4.103930122401067e-07,1808
Tnrc6b,4.096318704238655e-07,1809
Sra1,4.093022134554758e-07,1810
Capn5,4.0905628262422056e-07,1811
Asap1,4.0898761244356763e-07,1812
Kif11,4.08479242874904e-07,1813
Os9,4.077968609461635e-07,1814
Odc1,4.033052181107166e-07,1815
Kif18b,4.031578653140855e-07,1816
Clk2,4.0119873401245343e-07,1817
Exosc8,4.0088566932716674e-07,1818
Rasal3,4.00408141310038e-07,1819
Psmb7,3.9938809681672183e-07,1820
Nol9,3.988420596012787e-07,1821
Hoxa7,3.974318665278531e-07,1822
Timeless,3.970361157623614e-07,1823
Pfkm,3.9527193562705065e-07,1824
AK211593,3.933249450582821e-07,1825
Klf13,3.9317207445321856e-07,1826
Mrpl34,3.922060602956634e-07,1827
Anapc1,3.907088490517907e-07,1828
Tnrc6a,3.869443343518242e-07,1829
Abcd1,3.8546100733505284e-07,1830
Pcna,3.8487473807968797e-07,1831
Cyfip1,3.846801031048841e-07,1832
Srp19,3.839946325356891e-07,1833
Fam134a,3.8072371988384646e-07,1834
Glud1,3.798292516066226e-07,1835
Zmiz1,3.797127838822689e-07,1836
Dynlrb1,3.795618521706956e-07,1837
Actr2,3.752410620005975e-07,1838
Map4k4,3.74157306914924e-07,1839
Usp15,3.7372594685614047e-07,1840
Plvap,3.7316905321382876e-07,1841
Mtx2,3.7253647011681323e-07,1842
Cyb5r3,3.7241201300552973e-07,1843
Sirpa,3.719756898057369e-07,1844
Foxn3,3.7179044976021203e-07,1845
2310022B05Rik,3.716457834812559e-07,1846
Cbfb,3.711374576553794e-07,1847
Ccdc88a,3.708712084105059e-07,1848
Gsr,3.688572507432042e-07,1849
Klhdc3,3.68575850062669e-07,1850
Fam105a,3.676317534839768e-07,1851
Mrto4,3.67401658207811e-07,1852
Rasgrp2,3.664994105978536e-07,1853
Abcg2,3.6572400019529994e-07,1854
H2-Ab1,3.6479577381065553e-07,1855
Rad50,3.6393023528091817e-07,1856
Txnrd1,3.6369693456883567e-07,1857
Aprt,3.636862180300682e-07,1858
Gria3,3.63509766065917e-07,1859
Ldb1,3.6327520036572025e-07,1860
Pmf1,3.6216841481362394e-07,1861
2210411K11Rik,3.6146630821853876e-07,1862
Zfp207,3.610891650129844e-07,1863
Fam65b,3.608777212615877e-07,1864
Nxt1,3.604349647634564e-07,1865
Tmem50b,3.6040408879500774e-07,1866
Ppp1r9b,3.5913730145331613e-07,1867
Fyn,3.56610169838234e-07,1868
Tspan5,3.550217548831114e-07,1869
Trafd1,3.54979610595052e-07,1870
Rad21,3.5486841110099476e-07,1871
Hpn,3.5365243356011433e-07,1872
Pfdn5,3.531854024796388e-07,1873
Pdia5,3.5304500545230155e-07,1874
9530068E07Rik,3.528156615750788e-07,1875
Wapal,3.5280284449434873e-07,1876
Nxn,3.524998453130479e-07,1877
Otud7b,3.5226876859972833e-07,1878
Tceb3,3.520746274521258e-07,1879
Rcor1,3.5090982919427915e-07,1880
Tmem20,3.494189351194166e-07,1881
Ndufa12,3.4940661275406626e-07,1882
Vegfb,3.4916514146665634e-07,1883
Rbpms,3.4910898083495567e-07,1884
Mfsd10,3.4843381113702776e-07,1885
Arid1a,3.4820238004051873e-07,1886
Fh1,3.480685764056801e-07,1887
Reep5,3.4760076772499815e-07,1888
HLS2,3.463977868989332e-07,1889
Mrps28,3.4619173283623184e-07,1890
Gga2,3.447597716199624e-07,1891
Guk1,3.444217429038332e-07,1892
Ezr,3.4419696870457983e-07,1893
Cd300a,3.436831343961444e-07,1894
Stk10,3.434237614285962e-07,1895
Itpripl1,3.429010111410946e-07,1896
slc43a2,3.422076908510263e-07,1897
Serp1,3.412121298840276e-07,1898
Zc3hav1,3.4095497314368117e-07,1899
Spna2,3.3966695478504505e-07,1900
Sdhd,3.3866062421061827e-07,1901
Erbb2ip,3.3700881685305717e-07,1902
Hlx,3.3686815581468466e-07,1903
Npm2,3.3585828584925537e-07,1904
Narf,3.3574046054418716e-07,1905
Lass5,3.352134232414983e-07,1906
Cd79b,3.329253925876685e-07,1907
Scpep1,3.328445288275361e-07,1908
Ndufs6,3.323961861312341e-07,1909
Ppic,3.3235303198431154e-07,1910
Dhrs7,3.3044675729065887e-07,1911
Snx5,3.3035374258361117e-07,1912
Fam78a,3.302731590437702e-07,1913
Sbk1,3.298393602690908e-07,1914
Tep1,3.287847847310843e-07,1915
Agap1,3.287356700187871e-07,1916
Itpr1,3.2836354058041195e-07,1917
Nrip1,3.2767792146337626e-07,1918
Dok3,3.2721212517294873e-07,1919
Aurkb,3.257958136604344e-07,1920
Idh1,3.257556746572021e-07,1921
Ndufs2,3.255676057634105e-07,1922
Cmpk2,3.252497404737653e-07,1923
Usp33,3.2503886271406657e-07,1924
Prdx3,3.244136992375246e-07,1925
Hps3,3.2440596831051494e-07,1926
Ndst1,3.224167532955846e-07,1927
E130012A19Rik,3.2128753923998943e-07,1928
Ccdc23,3.2050260645455353e-07,1929
Atp13a3,3.1994183324890457e-07,1930
Map3k3,3.1943207123852346e-07,1931
AK020398,3.1804865430196116e-07,1932
Ebna1bp2,3.178311309692816e-07,1933
4632428N05Rik,3.173777165521585e-07,1934
AK217941,3.168029150124596e-07,1935
Snx20,3.1639804554117745e-07,1936
Ccdc50,3.153510357289946e-07,1937
Ltb4r1,3.151756695629615e-07,1938
Maml3,3.1468450290006444e-07,1939
Map3k5,3.145645530722163e-07,1940
Ptpn7,3.140550468572201e-07,1941
Anapc13,3.1397276178957156e-07,1942
Uba2,3.136466231179469e-07,1943
Tec,3.1300612679530104e-07,1944
Itga6,3.106897117355345e-07,1945
Mfhas1,3.09120436137178e-07,1946
Sri,3.0779943682723854e-07,1947
Egln3,3.0778962267774546e-07,1948
Abhd16a,3.0760681690722436e-07,1949
Slfn9,3.0716448473633307e-07,1950
Casp6,3.0714192789105255e-07,1951
Vill,3.071153074074573e-07,1952
Ccdc69,3.064957685428027e-07,1953
Smyd5,3.055396613493855e-07,1954
Wdr18,3.0524716176927313e-07,1955
Orai2,2.9948931024037506e-07,1956
Rbmxrt,2.994533150335599e-07,1957
Tmem184b,2.986790230696812e-07,1958
Ncoa6,2.9853202576646254e-07,1959
Capns1,2.979610058684301e-07,1960
Wdr1,2.979206372710763e-07,1961
Eif2ak1,2.975042603381439e-07,1962
Rprd1b,2.971029220422139e-07,1963
Dach1,2.969763202020914e-07,1964
Emilin1,2.9695569603305216e-07,1965
Katnal1,2.969093495508446e-07,1966
Inpp5d,2.967868821812658e-07,1967
Zfp217,2.9468810813781943e-07,1968
1110013L07Rik,2.9444121429911263e-07,1969
Mylpf,2.941395913502731e-07,1970
Stat1,2.9370274301498966e-07,1971
Snx1,2.9338577189896853e-07,1972
Sf3b3,2.9336414186786897e-07,1973
Zfp259,2.932024816271195e-07,1974
Tmem97,2.931703360076199e-07,1975
Rab3d,2.9251428235177457e-07,1976
Fam55b,2.9202253548632484e-07,1977
Tprgl,2.91179148570464e-07,1978
Strbp,2.894390860319618e-07,1979
Emg1,2.8833016241236464e-07,1980
Cdca7,2.8811361474367914e-07,1981
Psen2,2.8763139270360227e-07,1982
Kdm5b,2.865421204756302e-07,1983
Tomm5,2.8557256581684953e-07,1984
Tcfec,2.843649415940064e-07,1985
Ktn1,2.8331912726997643e-07,1986
Nup93,2.8308184196745856e-07,1987
Bptf,2.829047043295674e-07,1988
Anapc2,2.828685643496698e-07,1989
Ash1l,2.8242577032600025e-07,1990
Fcho1,2.81982204475284e-07,1991
Bub1b,2.8170175125907804e-07,1992
Ece1,2.812704174015579e-07,1993
Tom40,2.785122674708873e-07,1994
Uhrf1,2.780891823483955e-07,1995
Ccdc88b,2.779112633355396e-07,1996
Tnfrsf1b,2.775978915625643e-07,1997
Cox6b2,2.7682098457937343e-07,1998
Hdac6,2.7601490693029973e-07,1999
Kif2a,2.760008619429044e-07,2000
Nipsnap1,2.7495614829398107e-07,2001
Peci,2.748016534326325e-07,2002
Hprt,2.737502280414361e-07,2003
Mll2,2.7357404586147993e-07,2004
Slc25a12,2.728986006061973e-07,2005
Cenpl,2.727058983076347e-07,2006
Dlat,2.7247147205144984e-07,2007
Acpl2,2.7227584853406483e-07,2008
Dnajc11,2.7221390275222745e-07,2009
Pef1,2.719495000302885e-07,2010
Ptms,2.7119906365058455e-07,2011
Pdha1,2.7059525908867954e-07,2012
Myo7a,2.693801610664792e-07,2013
Dtx4,2.6925768081831336e-07,2014
Polr2e,2.6899988037065725e-07,2015
Bzw1,2.6842475486787976e-07,2016
Tpm1,2.6808450837023656e-07,2017
Arhgap25,2.6722538426504627e-07,2018
Ccl9,2.670871230847638e-07,2019
Fcgr3,2.670559067219358e-07,2020
Rnf10,2.6697903510175536e-07,2021
Usp45,2.6684392429032755e-07,2022
Rbbp6,2.667634413366926e-07,2023
Msn,2.661533575754049e-07,2024
Eif3m,2.6527571672652073e-07,2025
Fis1,2.6428074284545744e-07,2026
Sh2d3c,2.640634266803943e-07,2027
Eps15,2.6255392349128215e-07,2028
Atp6v0d1,2.6222010651721916e-07,2029
Fam53b,2.6118631879512577e-07,2030
Fads3,2.604094531122314e-07,2031
Ssr1,2.6033666022939883e-07,2032
Wrn,2.596423731571207e-07,2033
Gp5,2.594709733738654e-07,2034
Tcfe3,2.5918553503423425e-07,2035
Prkcsh,2.5880583853776784e-07,2036
Trib2,2.5796645175546473e-07,2037
Zbtb1,2.577201874132129e-07,2038
Alkbh8,2.5761657007628003e-07,2039
1700001L05Rik,2.5723155117063357e-07,2040
Mapre1,2.56954694188849e-07,2041
Strap,2.5659455427096134e-07,2042
Npl,2.556858669233719e-07,2043
Acss1,2.5520223889685667e-07,2044
Bcl3,2.5352260424327255e-07,2045
Mmgt2,2.533118219627539e-07,2046
Zfp36l2,2.5267476533308297e-07,2047
Exosc2,2.5222879429520617e-07,2048
Hist1h2an,2.510205521222275e-07,2049
Ctsz,2.508698546677124e-07,2050
Soat1,2.4984147128925827e-07,2051
Mett10d,2.496738915613861e-07,2052
C1galt1c1,2.478882907830382e-07,2053
Bri3bp,2.464186441564209e-07,2054
Kif15,2.459974024482392e-07,2055
Otub2,2.457843093495171e-07,2056
Acsl5,2.453022707182839e-07,2057
Rnf125,2.451885738885551e-07,2058
Mpp6,2.44324355413994e-07,2059
Robld3,2.4378898766386214e-07,2060
H2-Ke2,2.436940311767444e-07,2061
AK080025,2.4346105798045414e-07,2062
Olfr56,2.4314753410692447e-07,2063
1110049F12Rik,2.4271215792737166e-07,2064
Hnrnpul1,2.423944855944882e-07,2065
Polr1d,2.4147982347066943e-07,2066
D16H22S680E,2.4091670125514497e-07,2067
Map1lc3b,2.4056882064193985e-07,2068
Mtmr14,2.405043695308251e-07,2069
Bdh1,2.3771214019419062e-07,2070
1110007C09Rik,2.3711378438484587e-07,2071
Lman1,2.3682919469969477e-07,2072
Ppox,2.3606132892872722e-07,2073
Iars,2.3459989861862596e-07,2074
Csnk2b,2.3401979065695855e-07,2075
Uck2,2.325876933273463e-07,2076
Brix1,2.3084817213359088e-07,2077
Acsl1,2.3048905184452906e-07,2078
Gtf2h1,2.303308646034452e-07,2079
Cdc6,2.298064138983591e-07,2080
Rela,2.2943207200754046e-07,2081
Tnfrsf21,2.2935686949665524e-07,2082
Isyna1,2.2923147691145118e-07,2083
Pkn2,2.2900765661582057e-07,2084
Traf3ip3,2.2834989854558785e-07,2085
Hdac5,2.2816127986935442e-07,2086
Rfng,2.2777316233124623e-07,2087
Gsto1,2.2650483466613025e-07,2088
Ndufv3,2.2600573390541e-07,2089
Cpne3,2.2589868975408933e-07,2090
Ttc27,2.2454046799680327e-07,2091
Stxbp3a,2.2362873286496665e-07,2092
Tmem141,2.229584221691283e-07,2093
Kdm3a,2.2218921968963912e-07,2094
Psmd5,2.2211199812716131e-07,2095
Prim2,2.2205353045201548e-07,2096
BC096441,2.2168997326765805e-07,2097
Capg,2.2161767176953617e-07,2098
Selm,2.2158918477899192e-07,2099
Rgs12,2.2115953801638e-07,2100
Nhlrc2,2.2051179993098913e-07,2101
Cbl,2.2043088243606235e-07,2102
Whsc1l1,2.1870419475433778e-07,2103
Slfn8,2.1818729134537307e-07,2104
Nlgn2,2.1807724870370748e-07,2105
Glg1,2.1764825497427864e-07,2106
Carhsp1,2.1751284196014353e-07,2107
Abcg1,2.1617646805971447e-07,2108
Msh6,2.161659102828395e-07,2109
Mki67ip,2.1512240500065616e-07,2110
Wasf2,2.1482788903348649e-07,2111
Cast,2.1321615650826686e-07,2112
Actl6a,2.12899071705408e-07,2113
Wls,2.128324994021824e-07,2114
Cand1,2.127509726168597e-07,2115
2010106G01Rik,2.1145110062903427e-07,2116
Asf1b,2.1107101999540134e-07,2117
Med25,2.1094562963064334e-07,2118
Endod1,2.1044347930931906e-07,2119
Gbp10,2.1042475917276704e-07,2120
Arhgap21,2.102900749090253e-07,2121
Pon2,2.0970787462104568e-07,2122
Lbh,2.081516210505896e-07,2123
Cope,2.0811382372976084e-07,2124
Tmem131,2.079602532401026e-07,2125
AK153212,2.071615790022463e-07,2126
Gar1,2.0705826186961929e-07,2127
Setd2,2.0690183255567263e-07,2128
Gypa,2.0641501619067526e-07,2129
Mrpl45,2.0629338925992613e-07,2130
Elavl1,2.0568208314308833e-07,2131
Gabpb2,2.0517803389630274e-07,2132
Slc16a10,2.0373688691677216e-07,2133
Aqp9,2.035457415949793e-07,2134
Mical3,2.0234486197701074e-07,2135
Mrpl54,2.0234028630383705e-07,2136
Psmc1,2.01997196969117e-07,2137
Spn,2.0192029004384437e-07,2138
Pycr2,2.015204823013761e-07,2139
Use1,2.0123923194503845e-07,2140
Mrpl55,2.0102410447364605e-07,2141
Pgd,2.0091649433062742e-07,2142
N4bp2,2.0032192526997505e-07,2143
Pra1,2.0001911615885604e-07,2144
Steap3,1.9976539333832477e-07,2145
Psme3,1.9960995301104845e-07,2146
Josd1,1.986791953179079e-07,2147
Bub3,1.9791554595194327e-07,2148
Wnk1,1.9768961134758456e-07,2149
Snrnp200,1.9657047634069613e-07,2150
Cdyl,1.9555581576291559e-07,2151
Trem3,1.946401466668135e-07,2152
Ino80d,1.9426537112288145e-07,2153
Tmem8,1.93540746318277e-07,2154
Neu1,1.928971999909379e-07,2155
Eif2s2,1.924131900477022e-07,2156
Slbp,1.91023178164329e-07,2157
Pus7,1.9094446268574927e-07,2158
Ikbke,1.902780144558136e-07,2159
Gab2,1.8855126149297519e-07,2160
Camsap1l1,1.880225468653407e-07,2161
Phc1,1.878367925645108e-07,2162
Pkig,1.855669204964272e-07,2163
Me2,1.846571699992694e-07,2164
Hebp1,1.8354954489652187e-07,2165
Tacc1,1.8329951223527985e-07,2166
Slc25a21,1.830594142937514e-07,2167
Fndc3a,1.828566547068533e-07,2168
Nfs1,1.8270103208095634e-07,2169
Nuak2,1.8226919085151394e-07,2170
Marveld1,1.819089150423281e-07,2171
Ier5,1.816177881419634e-07,2172
Tmem2,1.8099486243094987e-07,2173
F10,1.8074348173691135e-07,2174
Nusap1,1.8054207995277238e-07,2175
Mll1,1.8013159408525325e-07,2176
Kif22,1.7951370656632548e-07,2177
M6prbp1,1.7866802592969577e-07,2178
Smg1,1.7844124422516927e-07,2179
Slc38a1,1.7756202419505485e-07,2180
Pitrm1,1.7661945106439703e-07,2181
Eef1e1,1.7622206605061308e-07,2182
Ncln,1.761490660001641e-07,2183
Iws1,1.751602358712745e-07,2184
Bola3,1.7456526224535196e-07,2185
Rnf213,1.7385538719771887e-07,2186
Ppp6r2,1.7352064318743032e-07,2187
Acox3,1.7174810329478873e-07,2188
Mrpl37,1.704839251992496e-07,2189
Sec14l2,1.702067971010024e-07,2190
5730508B09Rik,1.6738943409144724e-07,2191
Snx30,1.6716320794252226e-07,2192
Gpbp1,1.6711802830471356e-07,2193
Heatr5a,1.669468694398546e-07,2194
Syne1,1.6564896188064893e-07,2195
Ppif,1.655088550656103e-07,2196
Dnaja3,1.6480700670840065e-07,2197
Zc3h18,1.6468838071048708e-07,2198
C184,1.644096796482586e-07,2199
Lpla2,1.634937440986306e-07,2200
Fbxo7,1.625497698665157e-07,2201
Rlf,1.6230332433586625e-07,2202
Phf21a,1.6201047836617022e-07,2203
Myeov2,1.616639955237531e-07,2204
Ppa1,1.610116082684243e-07,2205
Heg1,1.6091636068082948e-07,2206
2610024G14Rik,1.6086821275074215e-07,2207
Myo1d,1.6033762140210683e-07,2208
Ubash3b,1.601480195123628e-07,2209
Rassf2,1.5851361667706954e-07,2210
Jak1,1.5838118794242462e-07,2211
Zdhhc20,1.5814730391916498e-07,2212
mKIAA1994,1.5796073804530408e-07,2213
Mrps26,1.579336335044701e-07,2214
Usp6nl,1.5784892504200343e-07,2215
Spin1,1.578308397309769e-07,2216
Dnajb9,1.570561327657316e-07,2217
Cenpv,1.567219227727179e-07,2218
Tfg,1.557347337755033e-07,2219
Ndufs1,1.531685098754565e-07,2220
Mrpl17,1.5261002328514905e-07,2221
Ccar1,1.5257109731159346e-07,2222
Deptor,1.5253710605733772e-07,2223
4931406C07Rik,1.5230248195940987e-07,2224
Rnf216,1.5217575910497771e-07,2225
Acot9,1.516686520819377e-07,2226
Mgll,1.5115412921318239e-07,2227
Vamp2,1.505779623212078e-07,2228
Cd1d2,1.5046575474464419e-07,2229
Prmt5,1.5002634756733357e-07,2230
Ell2,1.4848775586884244e-07,2231
Dlgap5,1.477835773755487e-07,2232
Psmd3,1.4747619925259414e-07,2233
Zfand3,1.4691866967453393e-07,2234
1110007A13Rik,1.4664968439603854e-07,2235
Fam108b,1.4627404065770122e-07,2236
Bdp1,1.4533439451902552e-07,2237
Phf19,1.4422745797659786e-07,2238
Adipor2,1.4409675208604256e-07,2239
Slc25a42,1.438902557104882e-07,2240
Dnmt3a,1.4366339984306364e-07,2241
Kti12,1.4281903482071812e-07,2242
Srcap,1.4251905455786584e-07,2243
Sepw1,1.4163635420061382e-07,2244
Ttc3,1.409754171177724e-07,2245
Mrpl9,1.4066121245548402e-07,2246
Leprot,1.4063311160050773e-07,2247
G3bp2,1.3993268566103723e-07,2248
AK084646,1.389602297674486e-07,2249
Isca2,1.3882636706874507e-07,2250
Gramd1b,1.3856036051862475e-07,2251
Galnt1,1.384000767323812e-07,2252
Siva1,1.3803315423999152e-07,2253
Pik3r2,1.3604692306046218e-07,2254
Chd1,1.3598444748019745e-07,2255
Mecr,1.329792387316786e-07,2256
Dnajc8,1.3274489263359612e-07,2257
Abcg4,1.317739115602734e-07,2258
Pcnx,1.313837014738084e-07,2259
Vgll4,1.3124279152343377e-07,2260
Thop1,1.305971506493364e-07,2261
Cenpe,1.3014433819513727e-07,2262
Casc5,1.29945547211463e-07,2263
Phf3,1.2993263709404346e-07,2264
Cnp,1.2964721185504402e-07,2265
Cxxc1,1.2912543168042134e-07,2266
Trim45,1.2885810418694632e-07,2267
Eif2b4,1.2755667122554826e-07,2268
Sorl1,1.2731875886906607e-07,2269
Pdia4,1.2644208280399027e-07,2270
Irf2bp2,1.25415324347955e-07,2271
Lsm14a,1.2536572602250828e-07,2272
Fkbp2,1.2339620836243625e-07,2273
Chchd3,1.2308056929200006e-07,2274
Specc1l,1.2304124008544193e-07,2275
Tmem59,1.2240176205935427e-07,2276
Aurka,1.2235570534535611e-07,2277
Hmmr,1.2081606981517723e-07,2278
Lrmp,1.2074753197310883e-07,2279
Pola2,1.1987145942526922e-07,2280
Gps2,1.1981727787713226e-07,2281
AK202301,1.1908639119262432e-07,2282
Gtf2a2,1.1861565152315734e-07,2283
Tspan13,1.1817096057242793e-07,2284
Ero1l,1.162430065537734e-07,2285
Vasp,1.158554250313415e-07,2286
Hagh,1.1567338997764409e-07,2287
Fam174b,1.1480355066595394e-07,2288
Eif4enif1,1.1423172630031786e-07,2289
E2f8,1.1416211043169255e-07,2290
Wdr61,1.1414402689702285e-07,2291
1700020L24Rik,1.137230620784635e-07,2292
Ube2r2,1.1256596788022932e-07,2293
Nfix,1.124821042974844e-07,2294
Blm,1.1201347982492393e-07,2295
Dock8,1.119307608821174e-07,2296
Higd2a,1.1189223436680606e-07,2297
Numa1,1.1182364079154183e-07,2298
Pdlim1,1.1153962931054195e-07,2299
Herc1,1.1151290690847304e-07,2300
Stat5a,1.1147563916402703e-07,2301
Prkag1,1.1098676799825569e-07,2302
Clic4,1.1035497182732001e-07,2303
Rabgef1,1.0974360109550219e-07,2304
Tm9sf3,1.097082866774457e-07,2305
Hs6st1,1.0928990445968623e-07,2306
Dstyk,1.0898713442841768e-07,2307
Sfxn3,1.0864072375049716e-07,2308
Nfe2l1,1.0761034685558002e-07,2309
4930503E24Rik,1.0741965850158408e-07,2310
Ammecr1,1.0734013278224097e-07,2311
Mier1,1.0714600917616224e-07,2312
Prkaca,1.0625410662434831e-07,2313
Smchd1,1.0528930194375619e-07,2314
Hsd17b10,1.0427863328388298e-07,2315
AK089379,1.0427206431629088e-07,2316
Nsf,1.0420815477196754e-07,2317
Zzef1,1.0414402207281626e-07,2318
Pcyt1a,1.0180175102902922e-07,2319
Txnrd2,1.0145411244444347e-07,2320
Pum1,1.0134382799620312e-07,2321
Zfp238,1.0120105442545935e-07,2322
Rad23b,1.0060874866546499e-07,2323
Usp4,1.0056653731993492e-07,2324
Prss50,9.979177773011827e-08,2325
Slc19a1,9.973418269026979e-08,2326
Ebi3,9.921011945301927e-08,2327
Ptp4a2,9.918094900918106e-08,2328
Hmgcl,9.726272587329277e-08,2329
Nup133,9.707327364161245e-08,2330
Med30,9.668812994689802e-08,2331
Stra13,9.55041723482708e-08,2332
Ddx6,9.533857503463139e-08,2333
Incenp,9.52235952311753e-08,2334
Pmm1,9.456359006954074e-08,2335
Aldh1a1,9.438876102940696e-08,2336
Tcf20,9.406950240986589e-08,2337
Plxnd1,9.349068075259481e-08,2338
Ncf1,9.316162175032616e-08,2339
Mat2b,9.283202362375675e-08,2340
Ifi30,9.277439549926214e-08,2341
Arhgap19,9.242042997570366e-08,2342
Trfr2,9.190877503506556e-08,2343
Brd7,9.187863136972396e-08,2344
Wbscr27,9.171775627869749e-08,2345
Clasp1,9.162199798851134e-08,2346
BC025067,9.109367726800599e-08,2347
Prkar2b,9.096328934532494e-08,2348
Iqgap2,8.882873903104382e-08,2349
Nme4,8.850732124976446e-08,2350
Ampd3,8.835297449216739e-08,2351
Hspa4l,8.75518115783791e-08,2352
Poldip2,8.659151018441946e-08,2353
Golga4,8.562498465813917e-08,2354
Daam1,8.555457453596205e-08,2355
Atp6v0c,8.515060212488379e-08,2356
mKIAA0569,8.50750898617747e-08,2357
AK085695,8.497539982776914e-08,2358
Eif4g3,8.419544306192961e-08,2359
Srsf2,8.394298878222628e-08,2360
1810009A15Rik,8.275811591573756e-08,2361
AK011885,8.2385625876924e-08,2362
Dym,8.227629733070785e-08,2363
2810417H13Rik,8.136832407856787e-08,2364
Naglu,8.112021165906924e-08,2365
Kdelr2,8.106533111451597e-08,2366
Eif2d,8.077562885233647e-08,2367
Rab18,8.048452948550278e-08,2368
Casz1,8.030981568651896e-08,2369
Macf1,8.024257680538938e-08,2370
Tuba8,8.022798914097962e-08,2371
Gpx4,7.991236161686288e-08,2372
Mrpl15,7.845363869662947e-08,2373
Exosc7,7.839757665273339e-08,2374
Qdpr,7.789443712269417e-08,2375
Ift140,7.739647345239575e-08,2376
Ppfia1,7.682574376666196e-08,2377
Pdia6,7.601415519253862e-08,2378
Ankrd26,7.570801363598889e-08,2379
MRPS11,7.457289274981349e-08,2380
Psmb2,7.42498824646276e-08,2381
Kcnip3,7.408681201859224e-08,2382
Dnajc6,7.37046930154861e-08,2383
Ctnnb1,7.252509326427514e-08,2384
Lars,7.077941632793738e-08,2385
2610101N10Rik,7.057756956641015e-08,2386
2410006H16Rik,6.944332708869183e-08,2387
Tax1bp1,6.856251721920614e-08,2388
Slc24a6,6.850095801702594e-08,2389
Dbnl,6.735933966162122e-08,2390
Tyms,6.642003547163711e-08,2391
Kpc1,6.639125960106185e-08,2392
Tsc22d4,6.606190106062115e-08,2393
Atg4b,6.574248168078611e-08,2394
Fasn,6.573126531961293e-08,2395
Heatr1,6.510227268385904e-08,2396
Sdsl,6.426952725568924e-08,2397
Srsf1,6.39614374797759e-08,2398
Sema4a,6.375415928516759e-08,2399
Drosha,6.237568905831381e-08,2400
Ppp1r12a,6.237180261159381e-08,2401
Tarsl2,6.15484212485029e-08,2402
Utp20,6.145978970195642e-08,2403
Fermt3,6.14309390023493e-08,2404
Samd14,6.100096117123144e-08,2405
Wdr59,5.91568243279994e-08,2406
Polr1a,5.864670282740292e-08,2407
Vps28,5.7968485345227805e-08,2408
Psmd9,5.787227563835984e-08,2409
BC003965,5.76625931447694e-08,2410
Lonp2,5.696937099841648e-08,2411
Cdk13,5.631064925459839e-08,2412
Slc43a1,5.615668619007863e-08,2413
Atp8a1,5.5415743771547454e-08,2414
Elovl5,5.541147451992856e-08,2415
Arhgef12,5.529958313488237e-08,2416
Slc25a1,5.4948777750141176e-08,2417
Dido1,5.4895351153660954e-08,2418
Spna1,5.4872680177453503e-08,2419
Commd4,5.452969076280567e-08,2420
Etfa,5.3994281046243486e-08,2421
Asxl1,5.388387358529201e-08,2422
Coq9,5.377121814476027e-08,2423
Agpat5,5.376894129938137e-08,2424
Tmem38b,5.371360156658511e-08,2425
AK182549,5.353746002079163e-08,2426
Kdm2a,5.31895971711549e-08,2427
Sirt2,5.315731099742038e-08,2428
AK154077,5.252907286923403e-08,2429
Atp8b4,5.203083475180392e-08,2430
Mosc2,5.1910135745458774e-08,2431
Prc1,5.1644529319716526e-08,2432
AK197603,5.120958634918793e-08,2433
Fam96b,5.0102410220631555e-08,2434
Ppp2r1b,4.9554027992115834e-08,2435
Srp68,4.929423225163987e-08,2436
Gypc,4.903440653514224e-08,2437
Polr1c,4.7967126493020373e-08,2438
Cpne2,4.7911902889552493e-08,2439
1500012F01Rik,4.789408203365042e-08,2440
Agfg2,4.740999726138284e-08,2441
Bnip2,4.737985803693334e-08,2442
Cdk12,4.563809619106962e-08,2443
Xkr8,4.561116329071524e-08,2444
Hyi,4.4243193997317576e-08,2445
Celf1,4.352696580944837e-08,2446
Cbr1,4.3404330574148275e-08,2447
Pla2g16,4.326646929619926e-08,2448
Fyr,4.3202966981681357e-08,2449
AK032662,4.300810019230994e-08,2450
Taf12,4.26823825172562e-08,2451
B230219D22Rik,4.213905024919029e-08,2452
Mrpl3,4.188947011485311e-08,2453
Rreb1,4.1126583472106404e-08,2454
Mcph1,4.044436252570449e-08,2455
Ncapg2,4.0402898138225396e-08,2456
Senp7,3.9962341435995086e-08,2457
Amfr,3.9500922532909044e-08,2458
Lcn2,3.9308531318837936e-08,2459
Ddx17,3.913736090765951e-08,2460
Anp32a,3.9126735407180036e-08,2461
Gstm4,3.877120691164748e-08,2462
Polr3d,3.87420378000769e-08,2463
Picalm,3.8510082012166436e-08,2464
Frmd4a,3.8096009458143953e-08,2465
Ppat,3.798497782980803e-08,2466
Ddx1,3.7682337472588756e-08,2467
Lrpprc,3.675326332164275e-08,2468
Herc2,3.6633071687219854e-08,2469
Sod2,3.627931155492092e-08,2470
Ywhaz,3.6119594648553743e-08,2471
Nt5c2,3.586089802887216e-08,2472
Tnk2,3.4953919758606844e-08,2473
Prpf19,3.47453774640627e-08,2474
Dus1l,3.453514785256573e-08,2475
Wbp2,3.440298068646541e-08,2476
Isoc1,3.3984332681313845e-08,2477
1110038B12Rik,3.398430670209507e-08,2478
Abce1,3.3968946100415565e-08,2479
Romo1,3.3843011282286284e-08,2480
Rab35,3.348269839165141e-08,2481
Rbm27,3.341319443350699e-08,2482
Atf7ip,3.325575614887555e-08,2483
Memo1,3.297068751351162e-08,2484
Fxn,3.283286686972531e-08,2485
Ubtd1,3.249223512469257e-08,2486
Rnaseh2b,3.244188295781214e-08,2487
9130208E07Rik,3.213647814526155e-08,2488
Ubqln1,3.178630536559979e-08,2489
Ftsj1,3.161489492420344e-08,2490
Smap1,3.160055106476989e-08,2491
Snx9,3.139565385446019e-08,2492
Ubr5,3.1215303897269564e-08,2493
Spnb2,3.105922563584329e-08,2494
Ube2e3,3.046993191091474e-08,2495
Cyb5,3.0381768656440045e-08,2496
Tpcn1,3.02887339653779e-08,2497
Rpn1,2.9867784467896286e-08,2498
Brf1,2.9562988723697003e-08,2499
Zwint,2.9536822987452638e-08,2500
Cdc42,2.925181030732915e-08,2501
Lrwd1,2.9211242758009348e-08,2502
Fnbp4,2.894576400791493e-08,2503
ISG12a,2.8803412988054333e-08,2504
Pip4k2a,2.875932425538963e-08,2505
Polr1b,2.8647718641749975e-08,2506
Pole,2.862570069872561e-08,2507
Orc6,2.844217816821981e-08,2508
Ranbp2,2.8360229720192365e-08,2509
Tbrg1,2.784003161337978e-08,2510
Pdhb,2.7288203474640227e-08,2511
Atad5,2.7156740856071337e-08,2512
Rpl37a,2.714687052929321e-08,2513
Sfrs18,2.7114355205526408e-08,2514
Wdr60,2.6784167994620134e-08,2515
Prpsap1,2.641137553105466e-08,2516
Wipi2,2.623138262158875e-08,2517
Usp48,2.6169360012318066e-08,2518
Slc16a1,2.5943307280229533e-08,2519
Agps,2.5682102666735318e-08,2520
Ryk,2.5367928202513212e-08,2521
Psmg2,2.442857538476062e-08,2522
Zfp507,2.4294739775498897e-08,2523
Snrnp40,2.4201210591101585e-08,2524
Cit,2.3853219399683212e-08,2525
Uap1,2.3705252649719455e-08,2526
Ubr7,2.2754895967480593e-08,2527
Eif2c2,2.2668268595538166e-08,2528
Mllt3,2.2476134731164166e-08,2529
Exoc6,2.2260079779456987e-08,2530
Bax,2.128802312206801e-08,2531
Golm1,2.120644371217395e-08,2532
Tram1,2.091919371061124e-08,2533
Mospd3,2.058810499860897e-08,2534
Hspbp1,2.0411109247220338e-08,2535
Ncoa2,2.040127045077611e-08,2536
Ipmk,2.0358983832124977e-08,2537
Mtch2,2.0314985915703687e-08,2538
Ugcgl1,2.0039470527422054e-08,2539
Ppp1r14b,1.9404899909147844e-08,2540
Ylpm1,1.8939757540081814e-08,2541
Elf1,1.8662522194290432e-08,2542
Pcnt,1.7956077735803433e-08,2543
Jnk2,1.7781931038740595e-08,2544
Ext1,1.77590506744707e-08,2545
Ier3,1.7694640419563257e-08,2546
Sdf2l1,1.7619340431096475e-08,2547
Kif21b,1.7533581253559305e-08,2548
Ncbp1,1.7232919313769912e-08,2549
Dnajc19,1.714929620533212e-08,2550
Mthfd2,1.6687866866149648e-08,2551
Dnttip2,1.6574011496572894e-08,2552
Ap1m1,1.6415519166201875e-08,2553
Gapvd1,1.6392547541599356e-08,2554
Clpp,1.6365444333032997e-08,2555
Baz2b,1.6261800794836745e-08,2556
Ddx23,1.5717404044934824e-08,2557
Tcf12,1.5101568218156558e-08,2558
Cggbp1,1.4639541134897627e-08,2559
Vps13c,1.403148108813923e-08,2560
Wbp5,1.401195026673463e-08,2561
Fam195a,1.3939984500055402e-08,2562
Pprc1,1.3255482489427095e-08,2563
Chd8,1.279733385928239e-08,2564
Kif4,1.2582589636878083e-08,2565
Gigyf2,1.1800047827748017e-08,2566
Atmin,1.1636488217448004e-08,2567
Dnajc3,1.1342335959341199e-08,2568
Ndufb6,1.1209856598526358e-08,2569
Brd1,1.1105538266775739e-08,2570
Imp3,1.0696377117369593e-08,2571
Timm10,1.0440305286962825e-08,2572
Usp34,9.793343913599983e-09,2573
Mrpl42,9.744884899021145e-09,2574
Dtl,9.456153859943583e-09,2575
Utp14a,9.420721092112672e-09,2576
Myst3,9.025917124816374e-09,2577
Cep350,8.68932970021774e-09,2578
Smyd2,8.565470333010694e-09,2579
Rpl27a,8.31335622564211e-09,2580
Hras1,8.294003484010659e-09,2581
Tars2,8.277008189949697e-09,2582
Gfer,8.10352474012177e-09,2583
Adat3,8.092590375596842e-09,2584
Kit,8.073488988458166e-09,2585
Pop5,8.040851096069446e-09,2586
Wdr4,8.007108531771223e-09,2587
Trmt1,7.876241880921953e-09,2588
Syf2,7.79935849237745e-09,2589
Glo1,7.47099915265892e-09,2590
Atp2a2,7.284049807765314e-09,2591
Arpc1a,7.136136348506739e-09,2592
Ankrd17,7.0107564198451655e-09,2593
Thoc7,6.964542498266724e-09,2594
Clcn3,6.6081282668051244e-09,2595
HtrA2,6.448894751542866e-09,2596
Mycbp2,6.367028237974637e-09,2597
Jarid1a,6.167971688952889e-09,2598
Tfam,6.014042153168475e-09,2599
Mrps22,5.999833740943927e-09,2600
Fau,5.201269637211681e-09,2601
Rest,5.095228683416053e-09,2602
Add3,4.757511717912166e-09,2603
Ckap5,4.597845215670304e-09,2604
Akap9,4.580208212701109e-09,2605
Nol11,4.577798140559253e-09,2606
Senp6,4.2760031071509275e-09,2607
Vps53,3.805152415381485e-09,2608
Mast2,3.699599515627483e-09,2609
Ctnna1,3.5773832784968818e-09,2610
Nin,3.1791511645451465e-09,2611
Mll3,3.027186723514319e-09,2612
Gpatch8,2.855158331982466e-09,2613
Lap3,2.7188031825886583e-09,2614
Spcs3,2.7046767048233278e-09,2615
Xrn2,2.0574282277863176e-09,2616
Fmr1,1.9826271735468026e-09,2617
Nudt19,1.6649761569453858e-09,2618
Ugcg,1.664890003638675e-09,2619
Jmjd1c,1.6282295511871325e-09,2620
Hadha,1.4035992368377492e-09,2621
Cars,1.296997620414686e-09,2622
Ssb,1.1650505005178502e-09,2623
Noc3l,1.1564893487303607e-09,2624
Gnl3l,9.943454948313502e-10,2625
Gabarapl1,7.878391272697627e-10,2626
Taf1,7.658660372555914e-10,2627
Adk,5.822828885726494e-10,2628
Hipk1,5.196525432182852e-10,2629
Cdk6,2.233113693961286e-10,2630
Crebbp,1.8387957823051693e-10,2631
